date,nb_objets,saison
2016-01-01 00:00:00+00:00,83,hiver
2016-01-02 00:00:00+00:00,114,hiver
2016-01-03 00:00:00+00:00,134,hiver
2016-01-04 00:00:00+00:00,423,hiver
2016-01-05 00:00:00+00:00,250,hiver
2016-01-06 00:00:00+00:00,260,hiver
2016-01-07 00:00:00+00:00,337,hiver
2016-01-08 00:00:00+00:00,255,hiver
2016-01-09 00:00:00+00:00,121,hiver
2016-01-10 00:00:00+00:00,90,hiver
2016-01-11 00:00:00+00:00,395,hiver
2016-01-12 00:00:00+00:00,330,hiver
2016-01-13 00:00:00+00:00,279,hiver
2016-01-14 00:00:00+00:00,286,hiver
2016-01-15 00:00:00+00:00,329,hiver
2016-01-16 00:00:00+00:00,117,hiver
2016-01-17 00:00:00+00:00,86,hiver
2016-01-18 00:00:00+00:00,379,hiver
2016-01-19 00:00:00+00:00,239,hiver
2016-01-20 00:00:00+00:00,252,hiver
2016-01-21 00:00:00+00:00,268,hiver
2016-01-22 00:00:00+00:00,302,hiver
2016-01-23 00:00:00+00:00,117,hiver
2016-01-24 00:00:00+00:00,117,hiver
2016-01-25 00:00:00+00:00,395,hiver
2016-01-26 00:00:00+00:00,261,hiver
2016-01-27 00:00:00+00:00,222,hiver
2016-01-28 00:00:00+00:00,295,hiver
2016-01-29 00:00:00+00:00,282,hiver
2016-01-30 00:00:00+00:00,130,hiver
2016-01-31 00:00:00+00:00,95,hiver
2016-02-01 00:00:00+00:00,440,hiver
2016-02-02 00:00:00+00:00,242,hiver
2016-02-03 00:00:00+00:00,257,hiver
2016-02-04 00:00:00+00:00,282,hiver
2016-02-05 00:00:00+00:00,222,hiver
2016-02-06 00:00:00+00:00,150,hiver
2016-02-07 00:00:00+00:00,125,hiver
2016-02-08 00:00:00+00:00,421,hiver
2016-02-09 00:00:00+00:00,273,hiver
2016-02-10 00:00:00+00:00,314,hiver
2016-02-11 00:00:00+00:00,236,hiver
2016-02-12 00:00:00+00:00,213,hiver
2016-02-13 00:00:00+00:00,155,hiver
2016-02-14 00:00:00+00:00,135,hiver
2016-02-15 00:00:00+00:00,351,hiver
2016-02-16 00:00:00+00:00,206,hiver
2016-02-17 00:00:00+00:00,249,hiver
2016-02-18 00:00:00+00:00,271,hiver
2016-02-19 00:00:00+00:00,261,hiver
2016-02-20 00:00:00+00:00,122,hiver
2016-02-21 00:00:00+00:00,131,hiver
2016-02-22 00:00:00+00:00,440,hiver
2016-02-23 00:00:00+00:00,310,hiver
2016-02-24 00:00:00+00:00,241,hiver
2016-02-25 00:00:00+00:00,232,hiver
2016-02-26 00:00:00+00:00,271,hiver
2016-02-27 00:00:00+00:00,110,hiver
2016-02-28 00:00:00+00:00,112,hiver
2016-02-29 00:00:00+00:00,402,hiver
2016-03-01 00:00:00+00:00,279,printemps
2016-03-02 00:00:00+00:00,195,printemps
2016-03-03 00:00:00+00:00,311,printemps
2016-03-04 00:00:00+00:00,250,printemps
2016-03-05 00:00:00+00:00,167,printemps
2016-03-06 00:00:00+00:00,125,printemps
2016-03-07 00:00:00+00:00,388,printemps
2016-03-08 00:00:00+00:00,235,printemps
2016-03-09 00:00:00+00:00,100,printemps
2016-03-10 00:00:00+00:00,280,printemps
2016-03-11 00:00:00+00:00,307,printemps
2016-03-12 00:00:00+00:00,158,printemps
2016-03-13 00:00:00+00:00,101,printemps
2016-03-14 00:00:00+00:00,342,printemps
2016-03-15 00:00:00+00:00,268,printemps
2016-03-16 00:00:00+00:00,243,printemps
2016-03-17 00:00:00+00:00,252,printemps
2016-03-18 00:00:00+00:00,263,printemps
2016-03-19 00:00:00+00:00,170,printemps
2016-03-20 00:00:00+00:00,101,printemps
2016-03-21 00:00:00+00:00,335,printemps
2016-03-22 00:00:00+00:00,278,printemps
2016-03-23 00:00:00+00:00,343,printemps
2016-03-24 00:00:00+00:00,268,printemps
2016-03-25 00:00:00+00:00,299,printemps
2016-03-26 00:00:00+00:00,160,printemps
2016-03-27 00:00:00+00:00,115,printemps
2016-03-28 00:00:00+00:00,166,printemps
2016-03-29 00:00:00+00:00,445,printemps
2016-03-30 00:00:00+00:00,284,printemps
2016-03-31 00:00:00+00:00,224,printemps
2016-04-01 00:00:00+00:00,354,printemps
2016-04-02 00:00:00+00:00,148,printemps
2016-04-03 00:00:00+00:00,71,printemps
2016-04-04 00:00:00+00:00,385,printemps
2016-04-05 00:00:00+00:00,234,printemps
2016-04-06 00:00:00+00:00,308,printemps
2016-04-07 00:00:00+00:00,274,printemps
2016-04-08 00:00:00+00:00,276,printemps
2016-04-09 00:00:00+00:00,159,printemps
2016-04-10 00:00:00+00:00,112,printemps
2016-04-11 00:00:00+00:00,423,printemps
2016-04-12 00:00:00+00:00,295,printemps
2016-04-13 00:00:00+00:00,262,printemps
2016-04-14 00:00:00+00:00,283,printemps
2016-04-15 00:00:00+00:00,305,printemps
2016-04-16 00:00:00+00:00,195,printemps
2016-04-17 00:00:00+00:00,148,printemps
2016-04-18 00:00:00+00:00,432,printemps
2016-04-19 00:00:00+00:00,244,printemps
2016-04-20 00:00:00+00:00,242,printemps
2016-04-21 00:00:00+00:00,291,printemps
2016-04-22 00:00:00+00:00,277,printemps
2016-04-23 00:00:00+00:00,160,printemps
2016-04-24 00:00:00+00:00,105,printemps
2016-04-25 00:00:00+00:00,396,printemps
2016-04-26 00:00:00+00:00,178,printemps
2016-04-27 00:00:00+00:00,261,printemps
2016-04-28 00:00:00+00:00,287,printemps
2016-04-29 00:00:00+00:00,253,printemps
2016-04-30 00:00:00+00:00,227,printemps
2016-05-01 00:00:00+00:00,123,printemps
2016-05-02 00:00:00+00:00,394,printemps
2016-05-03 00:00:00+00:00,286,printemps
2016-05-04 00:00:00+00:00,328,printemps
2016-05-05 00:00:00+00:00,183,printemps
2016-05-06 00:00:00+00:00,330,printemps
2016-05-07 00:00:00+00:00,135,printemps
2016-05-08 00:00:00+00:00,124,printemps
2016-05-09 00:00:00+00:00,496,printemps
2016-05-10 00:00:00+00:00,336,printemps
2016-05-11 00:00:00+00:00,287,printemps
2016-05-12 00:00:00+00:00,281,printemps
2016-05-13 00:00:00+00:00,301,printemps
2016-05-14 00:00:00+00:00,186,printemps
2016-05-15 00:00:00+00:00,133,printemps
2016-05-16 00:00:00+00:00,193,printemps
2016-05-17 00:00:00+00:00,388,printemps
2016-05-18 00:00:00+00:00,266,printemps
2016-05-19 00:00:00+00:00,220,printemps
2016-05-20 00:00:00+00:00,260,printemps
2016-05-21 00:00:00+00:00,189,printemps
2016-05-22 00:00:00+00:00,171,printemps
2016-05-23 00:00:00+00:00,356,printemps
2016-05-24 00:00:00+00:00,297,printemps
2016-05-25 00:00:00+00:00,242,printemps
2016-05-26 00:00:00+00:00,189,printemps
2016-05-27 00:00:00+00:00,349,printemps
2016-05-28 00:00:00+00:00,219,printemps
2016-05-29 00:00:00+00:00,138,printemps
2016-05-30 00:00:00+00:00,408,printemps
2016-05-31 00:00:00+00:00,325,printemps
2016-06-01 00:00:00+00:00,203,ete
2016-06-02 00:00:00+00:00,137,ete
2016-06-03 00:00:00+00:00,198,ete
2016-06-04 00:00:00+00:00,100,ete
2016-06-05 00:00:00+00:00,104,ete
2016-06-06 00:00:00+00:00,326,ete
2016-06-07 00:00:00+00:00,228,ete
2016-06-08 00:00:00+00:00,216,ete
2016-06-09 00:00:00+00:00,282,ete
2016-06-10 00:00:00+00:00,240,ete
2016-06-11 00:00:00+00:00,171,ete
2016-06-12 00:00:00+00:00,109,ete
2016-06-13 00:00:00+00:00,378,ete
2016-06-14 00:00:00+00:00,221,ete
2016-06-15 00:00:00+00:00,224,ete
2016-06-16 00:00:00+00:00,264,ete
2016-06-17 00:00:00+00:00,307,ete
2016-06-18 00:00:00+00:00,155,ete
2016-06-19 00:00:00+00:00,111,ete
2016-06-20 00:00:00+00:00,492,ete
2016-06-21 00:00:00+00:00,281,ete
2016-06-22 00:00:00+00:00,370,ete
2016-06-23 00:00:00+00:00,290,ete
2016-06-24 00:00:00+00:00,317,ete
2016-06-25 00:00:00+00:00,174,ete
2016-06-26 00:00:00+00:00,215,ete
2016-06-27 00:00:00+00:00,425,ete
2016-06-28 00:00:00+00:00,357,ete
2016-06-29 00:00:00+00:00,303,ete
2016-06-30 00:00:00+00:00,329,ete
2016-07-01 00:00:00+00:00,328,ete
2016-07-02 00:00:00+00:00,215,ete
2016-07-03 00:00:00+00:00,154,ete
2016-07-04 00:00:00+00:00,489,ete
2016-07-05 00:00:00+00:00,370,ete
2016-07-06 00:00:00+00:00,344,ete
2016-07-07 00:00:00+00:00,389,ete
2016-07-08 00:00:00+00:00,323,ete
2016-07-09 00:00:00+00:00,249,ete
2016-07-10 00:00:00+00:00,143,ete
2016-07-11 00:00:00+00:00,470,ete
2016-07-12 00:00:00+00:00,340,ete
2016-07-13 00:00:00+00:00,373,ete
2016-07-14 00:00:00+00:00,143,ete
2016-07-15 00:00:00+00:00,377,ete
2016-07-16 00:00:00+00:00,187,ete
2016-07-17 00:00:00+00:00,158,ete
2016-07-18 00:00:00+00:00,439,ete
2016-07-19 00:00:00+00:00,409,ete
2016-07-20 00:00:00+00:00,330,ete
2016-07-21 00:00:00+00:00,334,ete
2016-07-22 00:00:00+00:00,300,ete
2016-07-23 00:00:00+00:00,189,ete
2016-07-24 00:00:00+00:00,168,ete
2016-07-25 00:00:00+00:00,393,ete
2016-07-26 00:00:00+00:00,315,ete
2016-07-27 00:00:00+00:00,269,ete
2016-07-28 00:00:00+00:00,292,ete
2016-07-29 00:00:00+00:00,296,ete
2016-07-30 00:00:00+00:00,205,ete
2016-07-31 00:00:00+00:00,188,ete
2016-08-01 00:00:00+00:00,419,ete
2016-08-02 00:00:00+00:00,358,ete
2016-08-03 00:00:00+00:00,293,ete
2016-08-04 00:00:00+00:00,319,ete
2016-08-05 00:00:00+00:00,327,ete
2016-08-06 00:00:00+00:00,217,ete
2016-08-07 00:00:00+00:00,144,ete
2016-08-08 00:00:00+00:00,421,ete
2016-08-09 00:00:00+00:00,309,ete
2016-08-10 00:00:00+00:00,318,ete
2016-08-11 00:00:00+00:00,291,ete
2016-08-12 00:00:00+00:00,271,ete
2016-08-13 00:00:00+00:00,176,ete
2016-08-14 00:00:00+00:00,181,ete
2016-08-15 00:00:00+00:00,189,ete
2016-08-16 00:00:00+00:00,454,ete
2016-08-17 00:00:00+00:00,311,ete
2016-08-18 00:00:00+00:00,335,ete
2016-08-19 00:00:00+00:00,321,ete
2016-08-20 00:00:00+00:00,177,ete
2016-08-21 00:00:00+00:00,170,ete
2016-08-22 00:00:00+00:00,353,ete
2016-08-23 00:00:00+00:00,373,ete
2016-08-24 00:00:00+00:00,267,ete
2016-08-25 00:00:00+00:00,315,ete
2016-08-26 00:00:00+00:00,314,ete
2016-08-27 00:00:00+00:00,186,ete
2016-08-28 00:00:00+00:00,161,ete
2016-08-29 00:00:00+00:00,387,ete
2016-08-30 00:00:00+00:00,327,ete
2016-08-31 00:00:00+00:00,244,ete
2016-09-01 00:00:00+00:00,255,automne
2016-09-02 00:00:00+00:00,343,automne
2016-09-03 00:00:00+00:00,200,automne
2016-09-04 00:00:00+00:00,114,automne
2016-09-05 00:00:00+00:00,368,automne
2016-09-06 00:00:00+00:00,342,automne
2016-09-07 00:00:00+00:00,288,automne
2016-09-08 00:00:00+00:00,353,automne
2016-09-09 00:00:00+00:00,292,automne
2016-09-10 00:00:00+00:00,204,automne
2016-09-11 00:00:00+00:00,140,automne
2016-09-12 00:00:00+00:00,376,automne
2016-09-13 00:00:00+00:00,319,automne
2016-09-14 00:00:00+00:00,231,automne
2016-09-15 00:00:00+00:00,299,automne
2016-09-16 00:00:00+00:00,284,automne
2016-09-17 00:00:00+00:00,228,automne
2016-09-18 00:00:00+00:00,117,automne
2016-09-19 00:00:00+00:00,436,automne
2016-09-20 00:00:00+00:00,305,automne
2016-09-21 00:00:00+00:00,304,automne
2016-09-22 00:00:00+00:00,308,automne
2016-09-23 00:00:00+00:00,285,automne
2016-09-24 00:00:00+00:00,205,automne
2016-09-25 00:00:00+00:00,132,automne
2016-09-26 00:00:00+00:00,431,automne
2016-09-27 00:00:00+00:00,275,automne
2016-09-28 00:00:00+00:00,246,automne
2016-09-29 00:00:00+00:00,310,automne
2016-09-30 00:00:00+00:00,357,automne
2016-10-01 00:00:00+00:00,170,automne
2016-10-02 00:00:00+00:00,94,automne
2016-10-03 00:00:00+00:00,486,automne
2016-10-04 00:00:00+00:00,302,automne
2016-10-05 00:00:00+00:00,374,automne
2016-10-06 00:00:00+00:00,278,automne
2016-10-07 00:00:00+00:00,341,automne
2016-10-08 00:00:00+00:00,169,automne
2016-10-09 00:00:00+00:00,99,automne
2016-10-10 00:00:00+00:00,475,automne
2016-10-11 00:00:00+00:00,294,automne
2016-10-12 00:00:00+00:00,301,automne
2016-10-13 00:00:00+00:00,259,automne
2016-10-14 00:00:00+00:00,271,automne
2016-10-15 00:00:00+00:00,176,automne
2016-10-16 00:00:00+00:00,107,automne
2016-10-17 00:00:00+00:00,433,automne
2016-10-18 00:00:00+00:00,296,automne
2016-10-19 00:00:00+00:00,268,automne
2016-10-20 00:00:00+00:00,343,automne
2016-10-21 00:00:00+00:00,260,automne
2016-10-22 00:00:00+00:00,228,automne
2016-10-23 00:00:00+00:00,98,automne
2016-10-24 00:00:00+00:00,426,automne
2016-10-25 00:00:00+00:00,263,automne
2016-10-26 00:00:00+00:00,302,automne
2016-10-27 00:00:00+00:00,288,automne
2016-10-28 00:00:00+00:00,283,automne
2016-10-29 00:00:00+00:00,244,automne
2016-10-30 00:00:00+00:00,98,automne
2016-10-31 00:00:00+00:00,322,automne
2016-11-01 00:00:00+00:00,184,automne
2016-11-02 00:00:00+00:00,329,automne
2016-11-03 00:00:00+00:00,301,automne
2016-11-04 00:00:00+00:00,266,automne
2016-11-05 00:00:00+00:00,156,automne
2016-11-06 00:00:00+00:00,102,automne
2016-11-07 00:00:00+00:00,426,automne
2016-11-08 00:00:00+00:00,329,automne
2016-11-09 00:00:00+00:00,315,automne
2016-11-10 00:00:00+00:00,288,automne
2016-11-11 00:00:00+00:00,229,automne
2016-11-12 00:00:00+00:00,155,automne
2016-11-13 00:00:00+00:00,122,automne
2016-11-14 00:00:00+00:00,440,automne
2016-11-15 00:00:00+00:00,294,automne
2016-11-16 00:00:00+00:00,337,automne
2016-11-17 00:00:00+00:00,228,automne
2016-11-18 00:00:00+00:00,276,automne
2016-11-19 00:00:00+00:00,164,automne
2016-11-20 00:00:00+00:00,67,automne
2016-11-21 00:00:00+00:00,341,automne
2016-11-22 00:00:00+00:00,290,automne
2016-11-23 00:00:00+00:00,280,automne
2016-11-24 00:00:00+00:00,223,automne
2016-11-25 00:00:00+00:00,230,automne
2016-11-26 00:00:00+00:00,175,automne
2016-11-27 00:00:00+00:00,98,automne
2016-11-28 00:00:00+00:00,432,automne
2016-11-29 00:00:00+00:00,281,automne
2016-11-30 00:00:00+00:00,286,automne
2016-12-01 00:00:00+00:00,255,hiver
2016-12-02 00:00:00+00:00,316,hiver
2016-12-03 00:00:00+00:00,157,hiver
2016-12-04 00:00:00+00:00,103,hiver
2016-12-05 00:00:00+00:00,429,hiver
2016-12-06 00:00:00+00:00,273,hiver
2016-12-07 00:00:00+00:00,281,hiver
2016-12-08 00:00:00+00:00,241,hiver
2016-12-09 00:00:00+00:00,284,hiver
2016-12-10 00:00:00+00:00,155,hiver
2016-12-11 00:00:00+00:00,110,hiver
2016-12-12 00:00:00+00:00,308,hiver
2016-12-13 00:00:00+00:00,279,hiver
2016-12-14 00:00:00+00:00,287,hiver
2016-12-15 00:00:00+00:00,296,hiver
2016-12-16 00:00:00+00:00,309,hiver
2016-12-17 00:00:00+00:00,191,hiver
2016-12-18 00:00:00+00:00,155,hiver
2016-12-19 00:00:00+00:00,439,hiver
2016-12-20 00:00:00+00:00,315,hiver
2016-12-21 00:00:00+00:00,329,hiver
2016-12-22 00:00:00+00:00,335,hiver
2016-12-23 00:00:00+00:00,235,hiver
2016-12-24 00:00:00+00:00,207,hiver
2016-12-25 00:00:00+00:00,100,hiver
2016-12-26 00:00:00+00:00,341,hiver
2016-12-27 00:00:00+00:00,359,hiver
2016-12-28 00:00:00+00:00,271,hiver
2016-12-29 00:00:00+00:00,221,hiver
2016-12-30 00:00:00+00:00,252,hiver
2016-12-31 00:00:00+00:00,152,hiver
2017-01-01 00:00:00+00:00,79,hiver
2017-01-02 00:00:00+00:00,346,hiver
2017-01-03 00:00:00+00:00,326,hiver
2017-01-04 00:00:00+00:00,270,hiver
2017-01-05 00:00:00+00:00,321,hiver
2017-01-06 00:00:00+00:00,237,hiver
2017-01-07 00:00:00+00:00,148,hiver
2017-01-08 00:00:00+00:00,93,hiver
2017-01-09 00:00:00+00:00,329,hiver
2017-01-10 00:00:00+00:00,283,hiver
2017-01-11 00:00:00+00:00,317,hiver
2017-01-12 00:00:00+00:00,285,hiver
2017-01-13 00:00:00+00:00,235,hiver
2017-01-14 00:00:00+00:00,182,hiver
2017-01-15 00:00:00+00:00,111,hiver
2017-01-16 00:00:00+00:00,336,hiver
2017-01-17 00:00:00+00:00,245,hiver
2017-01-18 00:00:00+00:00,261,hiver
2017-01-19 00:00:00+00:00,286,hiver
2017-01-20 00:00:00+00:00,271,hiver
2017-01-21 00:00:00+00:00,173,hiver
2017-01-22 00:00:00+00:00,106,hiver
2017-01-23 00:00:00+00:00,350,hiver
2017-01-24 00:00:00+00:00,304,hiver
2017-01-25 00:00:00+00:00,291,hiver
2017-01-26 00:00:00+00:00,287,hiver
2017-01-27 00:00:00+00:00,292,hiver
2017-01-28 00:00:00+00:00,129,hiver
2017-01-29 00:00:00+00:00,100,hiver
2017-01-30 00:00:00+00:00,407,hiver
2017-01-31 00:00:00+00:00,282,hiver
2017-02-01 00:00:00+00:00,252,hiver
2017-02-02 00:00:00+00:00,237,hiver
2017-02-03 00:00:00+00:00,322,hiver
2017-02-04 00:00:00+00:00,157,hiver
2017-02-05 00:00:00+00:00,117,hiver
2017-02-06 00:00:00+00:00,429,hiver
2017-02-07 00:00:00+00:00,309,hiver
2017-02-08 00:00:00+00:00,313,hiver
2017-02-09 00:00:00+00:00,257,hiver
2017-02-10 00:00:00+00:00,324,hiver
2017-02-11 00:00:00+00:00,197,hiver
2017-02-12 00:00:00+00:00,151,hiver
2017-02-13 00:00:00+00:00,388,hiver
2017-02-14 00:00:00+00:00,319,hiver
2017-02-15 00:00:00+00:00,282,hiver
2017-02-16 00:00:00+00:00,252,hiver
2017-02-17 00:00:00+00:00,262,hiver
2017-02-18 00:00:00+00:00,204,hiver
2017-02-19 00:00:00+00:00,132,hiver
2017-02-20 00:00:00+00:00,432,hiver
2017-02-21 00:00:00+00:00,310,hiver
2017-02-22 00:00:00+00:00,259,hiver
2017-02-23 00:00:00+00:00,254,hiver
2017-02-24 00:00:00+00:00,258,hiver
2017-02-25 00:00:00+00:00,145,hiver
2017-02-26 00:00:00+00:00,117,hiver
2017-02-27 00:00:00+00:00,334,hiver
2017-02-28 00:00:00+00:00,290,hiver
2017-03-01 00:00:00+00:00,278,printemps
2017-03-02 00:00:00+00:00,239,printemps
2017-03-03 00:00:00+00:00,278,printemps
2017-03-04 00:00:00+00:00,139,printemps
2017-03-05 00:00:00+00:00,111,printemps
2017-03-06 00:00:00+00:00,435,printemps
2017-03-07 00:00:00+00:00,275,printemps
2017-03-08 00:00:00+00:00,303,printemps
2017-03-09 00:00:00+00:00,246,printemps
2017-03-10 00:00:00+00:00,278,printemps
2017-03-11 00:00:00+00:00,168,printemps
2017-03-12 00:00:00+00:00,85,printemps
2017-03-13 00:00:00+00:00,357,printemps
2017-03-14 00:00:00+00:00,324,printemps
2017-03-15 00:00:00+00:00,274,printemps
2017-03-16 00:00:00+00:00,242,printemps
2017-03-17 00:00:00+00:00,282,printemps
2017-03-18 00:00:00+00:00,201,printemps
2017-03-19 00:00:00+00:00,123,printemps
2017-03-20 00:00:00+00:00,452,printemps
2017-03-21 00:00:00+00:00,211,printemps
2017-03-22 00:00:00+00:00,260,printemps
2017-03-23 00:00:00+00:00,239,printemps
2017-03-24 00:00:00+00:00,231,printemps
2017-03-25 00:00:00+00:00,144,printemps
2017-03-26 00:00:00+00:00,117,printemps
2017-03-27 00:00:00+00:00,430,printemps
2017-03-28 00:00:00+00:00,277,printemps
2017-03-29 00:00:00+00:00,278,printemps
2017-03-30 00:00:00+00:00,276,printemps
2017-03-31 00:00:00+00:00,331,printemps
2017-04-01 00:00:00+00:00,165,printemps
2017-04-02 00:00:00+00:00,146,printemps
2017-04-03 00:00:00+00:00,379,printemps
2017-04-04 00:00:00+00:00,305,printemps
2017-04-05 00:00:00+00:00,284,printemps
2017-04-06 00:00:00+00:00,264,printemps
2017-04-07 00:00:00+00:00,327,printemps
2017-04-08 00:00:00+00:00,249,printemps
2017-04-09 00:00:00+00:00,188,printemps
2017-04-10 00:00:00+00:00,500,printemps
2017-04-11 00:00:00+00:00,296,printemps
2017-04-12 00:00:00+00:00,283,printemps
2017-04-13 00:00:00+00:00,319,printemps
2017-04-14 00:00:00+00:00,304,printemps
2017-04-15 00:00:00+00:00,214,printemps
2017-04-16 00:00:00+00:00,140,printemps
2017-04-17 00:00:00+00:00,141,printemps
2017-04-18 00:00:00+00:00,391,printemps
2017-04-19 00:00:00+00:00,289,printemps
2017-04-20 00:00:00+00:00,307,printemps
2017-04-21 00:00:00+00:00,270,printemps
2017-04-22 00:00:00+00:00,184,printemps
2017-04-23 00:00:00+00:00,125,printemps
2017-04-24 00:00:00+00:00,450,printemps
2017-04-25 00:00:00+00:00,288,printemps
2017-04-26 00:00:00+00:00,274,printemps
2017-04-27 00:00:00+00:00,267,printemps
2017-04-28 00:00:00+00:00,270,printemps
2017-04-29 00:00:00+00:00,213,printemps
2017-04-30 00:00:00+00:00,89,printemps
2017-05-01 00:00:00+00:00,130,printemps
2017-05-02 00:00:00+00:00,399,printemps
2017-05-03 00:00:00+00:00,337,printemps
2017-05-04 00:00:00+00:00,261,printemps
2017-05-05 00:00:00+00:00,300,printemps
2017-05-06 00:00:00+00:00,182,printemps
2017-05-07 00:00:00+00:00,93,printemps
2017-05-08 00:00:00+00:00,103,printemps
2017-05-09 00:00:00+00:00,376,printemps
2017-05-10 00:00:00+00:00,302,printemps
2017-05-11 00:00:00+00:00,282,printemps
2017-05-12 00:00:00+00:00,325,printemps
2017-05-13 00:00:00+00:00,184,printemps
2017-05-14 00:00:00+00:00,101,printemps
2017-05-15 00:00:00+00:00,395,printemps
2017-05-16 00:00:00+00:00,278,printemps
2017-05-17 00:00:00+00:00,271,printemps
2017-05-18 00:00:00+00:00,308,printemps
2017-05-19 00:00:00+00:00,287,printemps
2017-05-20 00:00:00+00:00,225,printemps
2017-05-21 00:00:00+00:00,121,printemps
2017-05-22 00:00:00+00:00,363,printemps
2017-05-23 00:00:00+00:00,326,printemps
2017-05-24 00:00:00+00:00,329,printemps
2017-05-25 00:00:00+00:00,233,printemps
2017-05-26 00:00:00+00:00,296,printemps
2017-05-27 00:00:00+00:00,101,printemps
2017-05-28 00:00:00+00:00,129,printemps
2017-05-29 00:00:00+00:00,458,printemps
2017-05-30 00:00:00+00:00,331,printemps
2017-05-31 00:00:00+00:00,265,printemps
2017-06-01 00:00:00+00:00,335,ete
2017-06-02 00:00:00+00:00,301,ete
2017-06-03 00:00:00+00:00,202,ete
2017-06-04 00:00:00+00:00,113,ete
2017-06-05 00:00:00+00:00,195,ete
2017-06-06 00:00:00+00:00,386,ete
2017-06-07 00:00:00+00:00,358,ete
2017-06-08 00:00:00+00:00,343,ete
2017-06-09 00:00:00+00:00,303,ete
2017-06-10 00:00:00+00:00,247,ete
2017-06-11 00:00:00+00:00,134,ete
2017-06-12 00:00:00+00:00,478,ete
2017-06-13 00:00:00+00:00,351,ete
2017-06-14 00:00:00+00:00,299,ete
2017-06-15 00:00:00+00:00,318,ete
2017-06-16 00:00:00+00:00,353,ete
2017-06-17 00:00:00+00:00,180,ete
2017-06-18 00:00:00+00:00,147,ete
2017-06-19 00:00:00+00:00,425,ete
2017-06-20 00:00:00+00:00,306,ete
2017-06-21 00:00:00+00:00,303,ete
2017-06-22 00:00:00+00:00,295,ete
2017-06-23 00:00:00+00:00,308,ete
2017-06-24 00:00:00+00:00,148,ete
2017-06-25 00:00:00+00:00,132,ete
2017-06-26 00:00:00+00:00,415,ete
2017-06-27 00:00:00+00:00,363,ete
2017-06-28 00:00:00+00:00,325,ete
2017-06-29 00:00:00+00:00,292,ete
2017-06-30 00:00:00+00:00,295,ete
2017-07-01 00:00:00+00:00,203,ete
2017-07-02 00:00:00+00:00,151,ete
2017-07-03 00:00:00+00:00,561,ete
2017-07-04 00:00:00+00:00,403,ete
2017-07-05 00:00:00+00:00,359,ete
2017-07-06 00:00:00+00:00,326,ete
2017-07-07 00:00:00+00:00,339,ete
2017-07-08 00:00:00+00:00,256,ete
2017-07-09 00:00:00+00:00,197,ete
2017-07-10 00:00:00+00:00,535,ete
2017-07-11 00:00:00+00:00,373,ete
2017-07-12 00:00:00+00:00,337,ete
2017-07-13 00:00:00+00:00,441,ete
2017-07-14 00:00:00+00:00,252,ete
2017-07-15 00:00:00+00:00,182,ete
2017-07-16 00:00:00+00:00,153,ete
2017-07-17 00:00:00+00:00,486,ete
2017-07-18 00:00:00+00:00,323,ete
2017-07-19 00:00:00+00:00,399,ete
2017-07-20 00:00:00+00:00,316,ete
2017-07-21 00:00:00+00:00,291,ete
2017-07-22 00:00:00+00:00,218,ete
2017-07-23 00:00:00+00:00,166,ete
2017-07-24 00:00:00+00:00,450,ete
2017-07-25 00:00:00+00:00,282,ete
2017-07-26 00:00:00+00:00,325,ete
2017-07-27 00:00:00+00:00,250,ete
2017-07-28 00:00:00+00:00,327,ete
2017-07-29 00:00:00+00:00,252,ete
2017-07-30 00:00:00+00:00,146,ete
2017-07-31 00:00:00+00:00,454,ete
2017-08-01 00:00:00+00:00,312,ete
2017-08-02 00:00:00+00:00,382,ete
2017-08-03 00:00:00+00:00,238,ete
2017-08-04 00:00:00+00:00,294,ete
2017-08-05 00:00:00+00:00,202,ete
2017-08-06 00:00:00+00:00,168,ete
2017-08-07 00:00:00+00:00,362,ete
2017-08-08 00:00:00+00:00,324,ete
2017-08-09 00:00:00+00:00,286,ete
2017-08-10 00:00:00+00:00,254,ete
2017-08-11 00:00:00+00:00,286,ete
2017-08-12 00:00:00+00:00,184,ete
2017-08-13 00:00:00+00:00,148,ete
2017-08-14 00:00:00+00:00,393,ete
2017-08-15 00:00:00+00:00,197,ete
2017-08-16 00:00:00+00:00,396,ete
2017-08-17 00:00:00+00:00,304,ete
2017-08-18 00:00:00+00:00,291,ete
2017-08-19 00:00:00+00:00,217,ete
2017-08-20 00:00:00+00:00,135,ete
2017-08-21 00:00:00+00:00,393,ete
2017-08-22 00:00:00+00:00,329,ete
2017-08-23 00:00:00+00:00,300,ete
2017-08-24 00:00:00+00:00,331,ete
2017-08-25 00:00:00+00:00,287,ete
2017-08-26 00:00:00+00:00,207,ete
2017-08-27 00:00:00+00:00,138,ete
2017-08-28 00:00:00+00:00,507,ete
2017-08-29 00:00:00+00:00,281,ete
2017-08-30 00:00:00+00:00,266,ete
2017-08-31 00:00:00+00:00,280,ete
2017-09-01 00:00:00+00:00,257,automne
2017-09-02 00:00:00+00:00,144,automne
2017-09-03 00:00:00+00:00,152,automne
2017-09-04 00:00:00+00:00,392,automne
2017-09-05 00:00:00+00:00,272,automne
2017-09-06 00:00:00+00:00,338,automne
2017-09-07 00:00:00+00:00,271,automne
2017-09-08 00:00:00+00:00,322,automne
2017-09-09 00:00:00+00:00,166,automne
2017-09-10 00:00:00+00:00,109,automne
2017-09-11 00:00:00+00:00,387,automne
2017-09-12 00:00:00+00:00,194,automne
2017-09-13 00:00:00+00:00,263,automne
2017-09-14 00:00:00+00:00,264,automne
2017-09-15 00:00:00+00:00,327,automne
2017-09-16 00:00:00+00:00,169,automne
2017-09-17 00:00:00+00:00,104,automne
2017-09-18 00:00:00+00:00,319,automne
2017-09-19 00:00:00+00:00,341,automne
2017-09-20 00:00:00+00:00,264,automne
2017-09-21 00:00:00+00:00,261,automne
2017-09-22 00:00:00+00:00,304,automne
2017-09-23 00:00:00+00:00,177,automne
2017-09-24 00:00:00+00:00,146,automne
2017-09-25 00:00:00+00:00,393,automne
2017-09-26 00:00:00+00:00,418,automne
2017-09-27 00:00:00+00:00,302,automne
2017-09-28 00:00:00+00:00,296,automne
2017-09-29 00:00:00+00:00,343,automne
2017-09-30 00:00:00+00:00,167,automne
2017-10-01 00:00:00+00:00,99,automne
2017-10-02 00:00:00+00:00,411,automne
2017-10-03 00:00:00+00:00,340,automne
2017-10-04 00:00:00+00:00,289,automne
2017-10-05 00:00:00+00:00,310,automne
2017-10-06 00:00:00+00:00,271,automne
2017-10-07 00:00:00+00:00,166,automne
2017-10-08 00:00:00+00:00,123,automne
2017-10-09 00:00:00+00:00,382,automne
2017-10-10 00:00:00+00:00,349,automne
2017-10-11 00:00:00+00:00,276,automne
2017-10-12 00:00:00+00:00,289,automne
2017-10-13 00:00:00+00:00,302,automne
2017-10-14 00:00:00+00:00,203,automne
2017-10-15 00:00:00+00:00,103,automne
2017-10-16 00:00:00+00:00,398,automne
2017-10-17 00:00:00+00:00,357,automne
2017-10-18 00:00:00+00:00,278,automne
2017-10-19 00:00:00+00:00,275,automne
2017-10-20 00:00:00+00:00,311,automne
2017-10-21 00:00:00+00:00,185,automne
2017-10-22 00:00:00+00:00,138,automne
2017-10-23 00:00:00+00:00,437,automne
2017-10-24 00:00:00+00:00,338,automne
2017-10-25 00:00:00+00:00,259,automne
2017-10-26 00:00:00+00:00,308,automne
2017-10-27 00:00:00+00:00,291,automne
2017-10-28 00:00:00+00:00,185,automne
2017-10-29 00:00:00+00:00,149,automne
2017-10-30 00:00:00+00:00,364,automne
2017-10-31 00:00:00+00:00,307,automne
2017-11-01 00:00:00+00:00,117,automne
2017-11-02 00:00:00+00:00,342,automne
2017-11-03 00:00:00+00:00,240,automne
2017-11-04 00:00:00+00:00,226,automne
2017-11-05 00:00:00+00:00,140,automne
2017-11-06 00:00:00+00:00,363,automne
2017-11-07 00:00:00+00:00,312,automne
2017-11-08 00:00:00+00:00,313,automne
2017-11-09 00:00:00+00:00,282,automne
2017-11-10 00:00:00+00:00,277,automne
2017-11-11 00:00:00+00:00,168,automne
2017-11-12 00:00:00+00:00,119,automne
2017-11-13 00:00:00+00:00,402,automne
2017-11-14 00:00:00+00:00,275,automne
2017-11-15 00:00:00+00:00,301,automne
2017-11-16 00:00:00+00:00,307,automne
2017-11-17 00:00:00+00:00,290,automne
2017-11-18 00:00:00+00:00,170,automne
2017-11-19 00:00:00+00:00,99,automne
2017-11-20 00:00:00+00:00,422,automne
2017-11-21 00:00:00+00:00,264,automne
2017-11-22 00:00:00+00:00,290,automne
2017-11-23 00:00:00+00:00,257,automne
2017-11-24 00:00:00+00:00,271,automne
2017-11-25 00:00:00+00:00,184,automne
2017-11-26 00:00:00+00:00,116,automne
2017-11-27 00:00:00+00:00,451,automne
2017-11-28 00:00:00+00:00,260,automne
2017-11-29 00:00:00+00:00,266,automne
2017-11-30 00:00:00+00:00,237,automne
2017-12-01 00:00:00+00:00,319,hiver
2017-12-02 00:00:00+00:00,175,hiver
2017-12-03 00:00:00+00:00,105,hiver
2017-12-04 00:00:00+00:00,407,hiver
2017-12-05 00:00:00+00:00,346,hiver
2017-12-06 00:00:00+00:00,240,hiver
2017-12-07 00:00:00+00:00,270,hiver
2017-12-08 00:00:00+00:00,279,hiver
2017-12-09 00:00:00+00:00,164,hiver
2017-12-10 00:00:00+00:00,85,hiver
2017-12-11 00:00:00+00:00,368,hiver
2017-12-12 00:00:00+00:00,312,hiver
2017-12-13 00:00:00+00:00,299,hiver
2017-12-14 00:00:00+00:00,302,hiver
2017-12-15 00:00:00+00:00,285,hiver
2017-12-16 00:00:00+00:00,159,hiver
2017-12-17 00:00:00+00:00,106,hiver
2017-12-18 00:00:00+00:00,382,hiver
2017-12-19 00:00:00+00:00,303,hiver
2017-12-20 00:00:00+00:00,239,hiver
2017-12-21 00:00:00+00:00,307,hiver
2017-12-22 00:00:00+00:00,269,hiver
2017-12-23 00:00:00+00:00,247,hiver
2017-12-24 00:00:00+00:00,138,hiver
2017-12-25 00:00:00+00:00,105,hiver
2017-12-26 00:00:00+00:00,380,hiver
2017-12-27 00:00:00+00:00,376,hiver
2017-12-28 00:00:00+00:00,268,hiver
2017-12-29 00:00:00+00:00,284,hiver
2017-12-30 00:00:00+00:00,172,hiver
2017-12-31 00:00:00+00:00,133,hiver
2018-01-01 00:00:00+00:00,131,hiver
2018-01-02 00:00:00+00:00,391,hiver
2018-01-03 00:00:00+00:00,341,hiver
2018-01-04 00:00:00+00:00,288,hiver
2018-01-05 00:00:00+00:00,279,hiver
2018-01-06 00:00:00+00:00,212,hiver
2018-01-07 00:00:00+00:00,142,hiver
2018-01-08 00:00:00+00:00,408,hiver
2018-01-09 00:00:00+00:00,293,hiver
2018-01-10 00:00:00+00:00,241,hiver
2018-01-11 00:00:00+00:00,266,hiver
2018-01-12 00:00:00+00:00,288,hiver
2018-01-13 00:00:00+00:00,156,hiver
2018-01-14 00:00:00+00:00,49,hiver
2018-01-15 00:00:00+00:00,390,hiver
2018-01-16 00:00:00+00:00,293,hiver
2018-01-17 00:00:00+00:00,267,hiver
2018-01-18 00:00:00+00:00,254,hiver
2018-01-19 00:00:00+00:00,281,hiver
2018-01-20 00:00:00+00:00,175,hiver
2018-01-21 00:00:00+00:00,103,hiver
2018-01-22 00:00:00+00:00,384,hiver
2018-01-23 00:00:00+00:00,264,hiver
2018-01-24 00:00:00+00:00,270,hiver
2018-01-25 00:00:00+00:00,278,hiver
2018-01-26 00:00:00+00:00,242,hiver
2018-01-27 00:00:00+00:00,169,hiver
2018-01-28 00:00:00+00:00,109,hiver
2018-01-29 00:00:00+00:00,425,hiver
2018-01-30 00:00:00+00:00,291,hiver
2018-01-31 00:00:00+00:00,223,hiver
2018-02-01 00:00:00+00:00,234,hiver
2018-02-02 00:00:00+00:00,239,hiver
2018-02-03 00:00:00+00:00,177,hiver
2018-02-04 00:00:00+00:00,115,hiver
2018-02-05 00:00:00+00:00,382,hiver
2018-02-06 00:00:00+00:00,286,hiver
2018-02-07 00:00:00+00:00,242,hiver
2018-02-08 00:00:00+00:00,238,hiver
2018-02-09 00:00:00+00:00,299,hiver
2018-02-10 00:00:00+00:00,190,hiver
2018-02-11 00:00:00+00:00,138,hiver
2018-02-12 00:00:00+00:00,357,hiver
2018-02-13 00:00:00+00:00,289,hiver
2018-02-14 00:00:00+00:00,286,hiver
2018-02-15 00:00:00+00:00,250,hiver
2018-02-16 00:00:00+00:00,289,hiver
2018-02-17 00:00:00+00:00,168,hiver
2018-02-18 00:00:00+00:00,112,hiver
2018-02-19 00:00:00+00:00,438,hiver
2018-02-20 00:00:00+00:00,324,hiver
2018-02-21 00:00:00+00:00,284,hiver
2018-02-22 00:00:00+00:00,240,hiver
2018-02-23 00:00:00+00:00,285,hiver
2018-02-24 00:00:00+00:00,215,hiver
2018-02-25 00:00:00+00:00,188,hiver
2018-02-26 00:00:00+00:00,361,hiver
2018-02-27 00:00:00+00:00,326,hiver
2018-02-28 00:00:00+00:00,204,hiver
2018-03-01 00:00:00+00:00,236,printemps
2018-03-02 00:00:00+00:00,256,printemps
2018-03-03 00:00:00+00:00,134,printemps
2018-03-04 00:00:00+00:00,167,printemps
2018-03-05 00:00:00+00:00,363,printemps
2018-03-06 00:00:00+00:00,305,printemps
2018-03-07 00:00:00+00:00,263,printemps
2018-03-08 00:00:00+00:00,262,printemps
2018-03-09 00:00:00+00:00,301,printemps
2018-03-10 00:00:00+00:00,153,printemps
2018-03-11 00:00:00+00:00,130,printemps
2018-03-12 00:00:00+00:00,380,printemps
2018-03-13 00:00:00+00:00,286,printemps
2018-03-14 00:00:00+00:00,284,printemps
2018-03-15 00:00:00+00:00,240,printemps
2018-03-16 00:00:00+00:00,263,printemps
2018-03-17 00:00:00+00:00,137,printemps
2018-03-18 00:00:00+00:00,99,printemps
2018-03-19 00:00:00+00:00,343,printemps
2018-03-20 00:00:00+00:00,313,printemps
2018-03-21 00:00:00+00:00,266,printemps
2018-03-22 00:00:00+00:00,124,printemps
2018-03-23 00:00:00+00:00,204,printemps
2018-03-24 00:00:00+00:00,140,printemps
2018-03-25 00:00:00+00:00,115,printemps
2018-03-26 00:00:00+00:00,370,printemps
2018-03-27 00:00:00+00:00,326,printemps
2018-03-28 00:00:00+00:00,293,printemps
2018-03-29 00:00:00+00:00,258,printemps
2018-03-30 00:00:00+00:00,269,printemps
2018-03-31 00:00:00+00:00,201,printemps
2018-04-01 00:00:00+00:00,133,printemps
2018-04-02 00:00:00+00:00,98,printemps
2018-04-03 00:00:00+00:00,257,printemps
2018-04-04 00:00:00+00:00,157,printemps
2018-04-05 00:00:00+00:00,217,printemps
2018-04-06 00:00:00+00:00,285,printemps
2018-04-07 00:00:00+00:00,135,printemps
2018-04-08 00:00:00+00:00,45,printemps
2018-04-09 00:00:00+00:00,193,printemps
2018-04-10 00:00:00+00:00,186,printemps
2018-04-11 00:00:00+00:00,208,printemps
2018-04-12 00:00:00+00:00,261,printemps
2018-04-13 00:00:00+00:00,159,printemps
2018-04-14 00:00:00+00:00,70,printemps
2018-04-15 00:00:00+00:00,99,printemps
2018-04-16 00:00:00+00:00,246,printemps
2018-04-17 00:00:00+00:00,286,printemps
2018-04-18 00:00:00+00:00,172,printemps
2018-04-19 00:00:00+00:00,173,printemps
2018-04-20 00:00:00+00:00,255,printemps
2018-04-21 00:00:00+00:00,200,printemps
2018-04-22 00:00:00+00:00,137,printemps
2018-04-23 00:00:00+00:00,283,printemps
2018-04-24 00:00:00+00:00,152,printemps
2018-04-25 00:00:00+00:00,219,printemps
2018-04-26 00:00:00+00:00,227,printemps
2018-04-27 00:00:00+00:00,259,printemps
2018-04-28 00:00:00+00:00,139,printemps
2018-04-29 00:00:00+00:00,65,printemps
2018-04-30 00:00:00+00:00,239,printemps
2018-05-01 00:00:00+00:00,122,printemps
2018-05-02 00:00:00+00:00,224,printemps
2018-05-03 00:00:00+00:00,181,printemps
2018-05-04 00:00:00+00:00,175,printemps
2018-05-05 00:00:00+00:00,165,printemps
2018-05-06 00:00:00+00:00,123,printemps
2018-05-07 00:00:00+00:00,268,printemps
2018-05-08 00:00:00+00:00,123,printemps
2018-05-09 00:00:00+00:00,173,printemps
2018-05-10 00:00:00+00:00,82,printemps
2018-05-11 00:00:00+00:00,264,printemps
2018-05-12 00:00:00+00:00,124,printemps
2018-05-13 00:00:00+00:00,53,printemps
2018-05-14 00:00:00+00:00,132,printemps
2018-05-15 00:00:00+00:00,328,printemps
2018-05-16 00:00:00+00:00,283,printemps
2018-05-17 00:00:00+00:00,269,printemps
2018-05-18 00:00:00+00:00,207,printemps
2018-05-19 00:00:00+00:00,95,printemps
2018-05-20 00:00:00+00:00,90,printemps
2018-05-21 00:00:00+00:00,124,printemps
2018-05-22 00:00:00+00:00,261,printemps
2018-05-23 00:00:00+00:00,214,printemps
2018-05-24 00:00:00+00:00,246,printemps
2018-05-25 00:00:00+00:00,292,printemps
2018-05-26 00:00:00+00:00,185,printemps
2018-05-27 00:00:00+00:00,132,printemps
2018-05-28 00:00:00+00:00,265,printemps
2018-05-29 00:00:00+00:00,227,printemps
2018-05-30 00:00:00+00:00,232,printemps
2018-05-31 00:00:00+00:00,249,printemps
2018-06-01 00:00:00+00:00,299,ete
2018-06-02 00:00:00+00:00,173,ete
2018-06-03 00:00:00+00:00,87,ete
2018-06-04 00:00:00+00:00,304,ete
2018-06-05 00:00:00+00:00,288,ete
2018-06-06 00:00:00+00:00,254,ete
2018-06-07 00:00:00+00:00,234,ete
2018-06-08 00:00:00+00:00,200,ete
2018-06-09 00:00:00+00:00,179,ete
2018-06-10 00:00:00+00:00,96,ete
2018-06-11 00:00:00+00:00,328,ete
2018-06-12 00:00:00+00:00,228,ete
2018-06-13 00:00:00+00:00,230,ete
2018-06-14 00:00:00+00:00,231,ete
2018-06-15 00:00:00+00:00,303,ete
2018-06-16 00:00:00+00:00,161,ete
2018-06-17 00:00:00+00:00,67,ete
2018-06-18 00:00:00+00:00,346,ete
2018-06-19 00:00:00+00:00,322,ete
2018-06-20 00:00:00+00:00,286,ete
2018-06-21 00:00:00+00:00,239,ete
2018-06-22 00:00:00+00:00,263,ete
2018-06-23 00:00:00+00:00,136,ete
2018-06-24 00:00:00+00:00,115,ete
2018-06-25 00:00:00+00:00,311,ete
2018-06-26 00:00:00+00:00,341,ete
2018-06-27 00:00:00+00:00,259,ete
2018-06-28 00:00:00+00:00,211,ete
2018-06-29 00:00:00+00:00,330,ete
2018-06-30 00:00:00+00:00,181,ete
2018-07-01 00:00:00+00:00,130,ete
2018-07-02 00:00:00+00:00,412,ete
2018-07-03 00:00:00+00:00,406,ete
2018-07-04 00:00:00+00:00,250,ete
2018-07-05 00:00:00+00:00,313,ete
2018-07-06 00:00:00+00:00,340,ete
2018-07-07 00:00:00+00:00,166,ete
2018-07-08 00:00:00+00:00,127,ete
2018-07-09 00:00:00+00:00,450,ete
2018-07-10 00:00:00+00:00,328,ete
2018-07-11 00:00:00+00:00,407,ete
2018-07-12 00:00:00+00:00,303,ete
2018-07-13 00:00:00+00:00,286,ete
2018-07-14 00:00:00+00:00,197,ete
2018-07-15 00:00:00+00:00,114,ete
2018-07-16 00:00:00+00:00,425,ete
2018-07-17 00:00:00+00:00,411,ete
2018-07-18 00:00:00+00:00,342,ete
2018-07-19 00:00:00+00:00,262,ete
2018-07-20 00:00:00+00:00,300,ete
2018-07-21 00:00:00+00:00,168,ete
2018-07-22 00:00:00+00:00,150,ete
2018-07-23 00:00:00+00:00,414,ete
2018-07-24 00:00:00+00:00,423,ete
2018-07-25 00:00:00+00:00,276,ete
2018-07-26 00:00:00+00:00,304,ete
2018-07-27 00:00:00+00:00,261,ete
2018-07-28 00:00:00+00:00,175,ete
2018-07-29 00:00:00+00:00,116,ete
2018-07-30 00:00:00+00:00,347,ete
2018-07-31 00:00:00+00:00,316,ete
2018-08-01 00:00:00+00:00,319,ete
2018-08-02 00:00:00+00:00,267,ete
2018-08-03 00:00:00+00:00,270,ete
2018-08-04 00:00:00+00:00,164,ete
2018-08-05 00:00:00+00:00,180,ete
2018-08-06 00:00:00+00:00,369,ete
2018-08-07 00:00:00+00:00,363,ete
2018-08-08 00:00:00+00:00,325,ete
2018-08-09 00:00:00+00:00,305,ete
2018-08-10 00:00:00+00:00,282,ete
2018-08-11 00:00:00+00:00,158,ete
2018-08-12 00:00:00+00:00,142,ete
2018-08-13 00:00:00+00:00,389,ete
2018-08-14 00:00:00+00:00,339,ete
2018-08-15 00:00:00+00:00,152,ete
2018-08-16 00:00:00+00:00,246,ete
2018-08-17 00:00:00+00:00,311,ete
2018-08-18 00:00:00+00:00,165,ete
2018-08-19 00:00:00+00:00,129,ete
2018-08-20 00:00:00+00:00,385,ete
2018-08-21 00:00:00+00:00,292,ete
2018-08-22 00:00:00+00:00,336,ete
2018-08-23 00:00:00+00:00,266,ete
2018-08-24 00:00:00+00:00,291,ete
2018-08-25 00:00:00+00:00,153,ete
2018-08-26 00:00:00+00:00,165,ete
2018-08-27 00:00:00+00:00,435,ete
2018-08-28 00:00:00+00:00,322,ete
2018-08-29 00:00:00+00:00,282,ete
2018-08-30 00:00:00+00:00,287,ete
2018-08-31 00:00:00+00:00,328,ete
2018-09-01 00:00:00+00:00,175,automne
2018-09-02 00:00:00+00:00,93,automne
2018-09-03 00:00:00+00:00,378,automne
2018-09-04 00:00:00+00:00,273,automne
2018-09-05 00:00:00+00:00,316,automne
2018-09-06 00:00:00+00:00,320,automne
2018-09-07 00:00:00+00:00,313,automne
2018-09-08 00:00:00+00:00,192,automne
2018-09-09 00:00:00+00:00,120,automne
2018-09-10 00:00:00+00:00,488,automne
2018-09-11 00:00:00+00:00,324,automne
2018-09-12 00:00:00+00:00,282,automne
2018-09-13 00:00:00+00:00,276,automne
2018-09-14 00:00:00+00:00,275,automne
2018-09-15 00:00:00+00:00,169,automne
2018-09-16 00:00:00+00:00,117,automne
2018-09-17 00:00:00+00:00,393,automne
2018-09-18 00:00:00+00:00,306,automne
2018-09-19 00:00:00+00:00,295,automne
2018-09-20 00:00:00+00:00,240,automne
2018-09-21 00:00:00+00:00,363,automne
2018-09-22 00:00:00+00:00,235,automne
2018-09-23 00:00:00+00:00,141,automne
2018-09-24 00:00:00+00:00,424,automne
2018-09-25 00:00:00+00:00,302,automne
2018-09-26 00:00:00+00:00,306,automne
2018-09-27 00:00:00+00:00,333,automne
2018-09-28 00:00:00+00:00,340,automne
2018-09-29 00:00:00+00:00,160,automne
2018-09-30 00:00:00+00:00,117,automne
2018-10-01 00:00:00+00:00,432,automne
2018-10-02 00:00:00+00:00,351,automne
2018-10-03 00:00:00+00:00,362,automne
2018-10-04 00:00:00+00:00,326,automne
2018-10-05 00:00:00+00:00,290,automne
2018-10-06 00:00:00+00:00,212,automne
2018-10-07 00:00:00+00:00,101,automne
2018-10-08 00:00:00+00:00,377,automne
2018-10-09 00:00:00+00:00,329,automne
2018-10-10 00:00:00+00:00,347,automne
2018-10-11 00:00:00+00:00,311,automne
2018-10-12 00:00:00+00:00,312,automne
2018-10-13 00:00:00+00:00,152,automne
2018-10-14 00:00:00+00:00,163,automne
2018-10-15 00:00:00+00:00,393,automne
2018-10-16 00:00:00+00:00,267,automne
2018-10-17 00:00:00+00:00,333,automne
2018-10-18 00:00:00+00:00,324,automne
2018-10-19 00:00:00+00:00,305,automne
2018-10-20 00:00:00+00:00,176,automne
2018-10-21 00:00:00+00:00,163,automne
2018-10-22 00:00:00+00:00,356,automne
2018-10-23 00:00:00+00:00,321,automne
2018-10-24 00:00:00+00:00,300,automne
2018-10-25 00:00:00+00:00,293,automne
2018-10-26 00:00:00+00:00,314,automne
2018-10-27 00:00:00+00:00,194,automne
2018-10-28 00:00:00+00:00,139,automne
2018-10-29 00:00:00+00:00,385,automne
2018-10-30 00:00:00+00:00,254,automne
2018-10-31 00:00:00+00:00,302,automne
2018-11-01 00:00:00+00:00,163,automne
2018-11-02 00:00:00+00:00,252,automne
2018-11-03 00:00:00+00:00,162,automne
2018-11-04 00:00:00+00:00,136,automne
2018-11-05 00:00:00+00:00,356,automne
2018-11-06 00:00:00+00:00,264,automne
2018-11-07 00:00:00+00:00,302,automne
2018-11-08 00:00:00+00:00,267,automne
2018-11-09 00:00:00+00:00,253,automne
2018-11-10 00:00:00+00:00,172,automne
2018-11-11 00:00:00+00:00,59,automne
2018-11-12 00:00:00+00:00,382,automne
2018-11-13 00:00:00+00:00,330,automne
2018-11-14 00:00:00+00:00,256,automne
2018-11-15 00:00:00+00:00,258,automne
2018-11-16 00:00:00+00:00,286,automne
2018-11-17 00:00:00+00:00,213,automne
2018-11-18 00:00:00+00:00,134,automne
2018-11-19 00:00:00+00:00,305,automne
2018-11-20 00:00:00+00:00,243,automne
2018-11-21 00:00:00+00:00,287,automne
2018-11-22 00:00:00+00:00,250,automne
2018-11-23 00:00:00+00:00,326,automne
2018-11-24 00:00:00+00:00,130,automne
2018-11-25 00:00:00+00:00,102,automne
2018-11-26 00:00:00+00:00,378,automne
2018-11-27 00:00:00+00:00,277,automne
2018-11-28 00:00:00+00:00,254,automne
2018-11-29 00:00:00+00:00,294,automne
2018-11-30 00:00:00+00:00,306,automne
2018-12-01 00:00:00+00:00,189,hiver
2018-12-02 00:00:00+00:00,94,hiver
2018-12-03 00:00:00+00:00,364,hiver
2018-12-04 00:00:00+00:00,276,hiver
2018-12-05 00:00:00+00:00,275,hiver
2018-12-06 00:00:00+00:00,309,hiver
2018-12-07 00:00:00+00:00,267,hiver
2018-12-08 00:00:00+00:00,158,hiver
2018-12-09 00:00:00+00:00,92,hiver
2018-12-10 00:00:00+00:00,410,hiver
2018-12-11 00:00:00+00:00,264,hiver
2018-12-12 00:00:00+00:00,257,hiver
2018-12-13 00:00:00+00:00,302,hiver
2018-12-14 00:00:00+00:00,279,hiver
2018-12-15 00:00:00+00:00,175,hiver
2018-12-16 00:00:00+00:00,91,hiver
2018-12-17 00:00:00+00:00,336,hiver
2018-12-18 00:00:00+00:00,231,hiver
2018-12-19 00:00:00+00:00,281,hiver
2018-12-20 00:00:00+00:00,316,hiver
2018-12-21 00:00:00+00:00,343,hiver
2018-12-22 00:00:00+00:00,246,hiver
2018-12-23 00:00:00+00:00,225,hiver
2018-12-24 00:00:00+00:00,336,hiver
2018-12-25 00:00:00+00:00,89,hiver
2018-12-26 00:00:00+00:00,218,hiver
2018-12-27 00:00:00+00:00,337,hiver
2018-12-28 00:00:00+00:00,311,hiver
2018-12-29 00:00:00+00:00,182,hiver
2018-12-30 00:00:00+00:00,109,hiver
2018-12-31 00:00:00+00:00,216,hiver
2019-01-01 00:00:00+00:00,107,hiver
2019-01-02 00:00:00+00:00,312,hiver
2019-01-03 00:00:00+00:00,312,hiver
2019-01-04 00:00:00+00:00,244,hiver
2019-01-05 00:00:00+00:00,174,hiver
2019-01-06 00:00:00+00:00,161,hiver
2019-01-07 00:00:00+00:00,315,hiver
2019-01-08 00:00:00+00:00,236,hiver
2019-01-09 00:00:00+00:00,243,hiver
2019-01-10 00:00:00+00:00,266,hiver
2019-01-11 00:00:00+00:00,248,hiver
2019-01-12 00:00:00+00:00,127,hiver
2019-01-13 00:00:00+00:00,118,hiver
2019-01-14 00:00:00+00:00,300,hiver
2019-01-15 00:00:00+00:00,244,hiver
2019-01-16 00:00:00+00:00,260,hiver
2019-01-17 00:00:00+00:00,232,hiver
2019-01-18 00:00:00+00:00,269,hiver
2019-01-19 00:00:00+00:00,162,hiver
2019-01-20 00:00:00+00:00,154,hiver
2019-01-21 00:00:00+00:00,362,hiver
2019-01-22 00:00:00+00:00,221,hiver
2019-01-23 00:00:00+00:00,240,hiver
2019-01-24 00:00:00+00:00,245,hiver
2019-01-25 00:00:00+00:00,279,hiver
2019-01-26 00:00:00+00:00,143,hiver
2019-01-27 00:00:00+00:00,117,hiver
2019-01-28 00:00:00+00:00,348,hiver
2019-01-29 00:00:00+00:00,255,hiver
2019-01-30 00:00:00+00:00,244,hiver
2019-01-31 00:00:00+00:00,234,hiver
2019-02-01 00:00:00+00:00,274,hiver
2019-02-02 00:00:00+00:00,176,hiver
2019-02-03 00:00:00+00:00,93,hiver
2019-02-04 00:00:00+00:00,387,hiver
2019-02-05 00:00:00+00:00,266,hiver
2019-02-06 00:00:00+00:00,255,hiver
2019-02-07 00:00:00+00:00,277,hiver
2019-02-08 00:00:00+00:00,268,hiver
2019-02-09 00:00:00+00:00,169,hiver
2019-02-10 00:00:00+00:00,116,hiver
2019-02-11 00:00:00+00:00,361,hiver
2019-02-12 00:00:00+00:00,259,hiver
2019-02-13 00:00:00+00:00,245,hiver
2019-02-14 00:00:00+00:00,258,hiver
2019-02-15 00:00:00+00:00,291,hiver
2019-02-16 00:00:00+00:00,180,hiver
2019-02-17 00:00:00+00:00,124,hiver
2019-02-18 00:00:00+00:00,299,hiver
2019-02-19 00:00:00+00:00,316,hiver
2019-02-20 00:00:00+00:00,257,hiver
2019-02-21 00:00:00+00:00,223,hiver
2019-02-22 00:00:00+00:00,284,hiver
2019-02-23 00:00:00+00:00,160,hiver
2019-02-24 00:00:00+00:00,124,hiver
2019-02-25 00:00:00+00:00,382,hiver
2019-02-26 00:00:00+00:00,319,hiver
2019-02-27 00:00:00+00:00,265,hiver
2019-02-28 00:00:00+00:00,266,hiver
2019-03-01 00:00:00+00:00,271,printemps
2019-03-02 00:00:00+00:00,160,printemps
2019-03-03 00:00:00+00:00,139,printemps
2019-03-04 00:00:00+00:00,391,printemps
2019-03-05 00:00:00+00:00,348,printemps
2019-03-06 00:00:00+00:00,279,printemps
2019-03-07 00:00:00+00:00,258,printemps
2019-03-08 00:00:00+00:00,251,printemps
2019-03-09 00:00:00+00:00,155,printemps
2019-03-10 00:00:00+00:00,117,printemps
2019-03-11 00:00:00+00:00,391,printemps
2019-03-12 00:00:00+00:00,276,printemps
2019-03-13 00:00:00+00:00,235,printemps
2019-03-14 00:00:00+00:00,264,printemps
2019-03-15 00:00:00+00:00,256,printemps
2019-03-16 00:00:00+00:00,147,printemps
2019-03-17 00:00:00+00:00,134,printemps
2019-03-18 00:00:00+00:00,371,printemps
2019-03-19 00:00:00+00:00,312,printemps
2019-03-20 00:00:00+00:00,279,printemps
2019-03-21 00:00:00+00:00,297,printemps
2019-03-22 00:00:00+00:00,269,printemps
2019-03-23 00:00:00+00:00,142,printemps
2019-03-24 00:00:00+00:00,114,printemps
2019-03-25 00:00:00+00:00,310,printemps
2019-03-26 00:00:00+00:00,281,printemps
2019-03-27 00:00:00+00:00,273,printemps
2019-03-28 00:00:00+00:00,297,printemps
2019-03-29 00:00:00+00:00,252,printemps
2019-03-30 00:00:00+00:00,159,printemps
2019-03-31 00:00:00+00:00,134,printemps
2019-04-01 00:00:00+00:00,356,printemps
2019-04-02 00:00:00+00:00,285,printemps
2019-04-03 00:00:00+00:00,276,printemps
2019-04-04 00:00:00+00:00,249,printemps
2019-04-05 00:00:00+00:00,268,printemps
2019-04-06 00:00:00+00:00,244,printemps
2019-04-07 00:00:00+00:00,118,printemps
2019-04-08 00:00:00+00:00,330,printemps
2019-04-09 00:00:00+00:00,278,printemps
2019-04-10 00:00:00+00:00,293,printemps
2019-04-11 00:00:00+00:00,242,printemps
2019-04-12 00:00:00+00:00,266,printemps
2019-04-13 00:00:00+00:00,216,printemps
2019-04-14 00:00:00+00:00,138,printemps
2019-04-15 00:00:00+00:00,355,printemps
2019-04-16 00:00:00+00:00,289,printemps
2019-04-17 00:00:00+00:00,292,printemps
2019-04-18 00:00:00+00:00,237,printemps
2019-04-19 00:00:00+00:00,271,printemps
2019-04-20 00:00:00+00:00,243,printemps
2019-04-21 00:00:00+00:00,144,printemps
2019-04-22 00:00:00+00:00,129,printemps
2019-04-23 00:00:00+00:00,454,printemps
2019-04-24 00:00:00+00:00,315,printemps
2019-04-25 00:00:00+00:00,285,printemps
2019-04-26 00:00:00+00:00,294,printemps
2019-04-27 00:00:00+00:00,215,printemps
2019-04-28 00:00:00+00:00,137,printemps
2019-04-29 00:00:00+00:00,361,printemps
2019-04-30 00:00:00+00:00,322,printemps
2019-05-01 00:00:00+00:00,158,printemps
2019-05-02 00:00:00+00:00,270,printemps
2019-05-03 00:00:00+00:00,304,printemps
2019-05-04 00:00:00+00:00,189,printemps
2019-05-05 00:00:00+00:00,106,printemps
2019-05-06 00:00:00+00:00,316,printemps
2019-05-07 00:00:00+00:00,251,printemps
2019-05-08 00:00:00+00:00,232,printemps
2019-05-09 00:00:00+00:00,286,printemps
2019-05-10 00:00:00+00:00,216,printemps
2019-05-11 00:00:00+00:00,124,printemps
2019-05-12 00:00:00+00:00,137,printemps
2019-05-13 00:00:00+00:00,317,printemps
2019-05-14 00:00:00+00:00,272,printemps
2019-05-15 00:00:00+00:00,284,printemps
2019-05-16 00:00:00+00:00,271,printemps
2019-05-17 00:00:00+00:00,283,printemps
2019-05-18 00:00:00+00:00,190,printemps
2019-05-19 00:00:00+00:00,126,printemps
2019-05-20 00:00:00+00:00,280,printemps
2019-05-21 00:00:00+00:00,363,printemps
2019-05-22 00:00:00+00:00,334,printemps
2019-05-23 00:00:00+00:00,273,printemps
2019-05-24 00:00:00+00:00,291,printemps
2019-05-25 00:00:00+00:00,152,printemps
2019-05-26 00:00:00+00:00,161,printemps
2019-05-27 00:00:00+00:00,349,printemps
2019-05-28 00:00:00+00:00,314,printemps
2019-05-29 00:00:00+00:00,293,printemps
2019-05-30 00:00:00+00:00,193,printemps
2019-05-31 00:00:00+00:00,264,printemps
2019-06-01 00:00:00+00:00,165,ete
2019-06-02 00:00:00+00:00,107,ete
2019-06-03 00:00:00+00:00,331,ete
2019-06-04 00:00:00+00:00,280,ete
2019-06-05 00:00:00+00:00,315,ete
2019-06-06 00:00:00+00:00,350,ete
2019-06-07 00:00:00+00:00,321,ete
2019-06-08 00:00:00+00:00,206,ete
2019-06-09 00:00:00+00:00,121,ete
2019-06-10 00:00:00+00:00,136,ete
2019-06-11 00:00:00+00:00,364,ete
2019-06-12 00:00:00+00:00,307,ete
2019-06-13 00:00:00+00:00,318,ete
2019-06-14 00:00:00+00:00,329,ete
2019-06-15 00:00:00+00:00,177,ete
2019-06-16 00:00:00+00:00,125,ete
2019-06-17 00:00:00+00:00,362,ete
2019-06-18 00:00:00+00:00,336,ete
2019-06-19 00:00:00+00:00,255,ete
2019-06-20 00:00:00+00:00,327,ete
2019-06-21 00:00:00+00:00,343,ete
2019-06-22 00:00:00+00:00,222,ete
2019-06-23 00:00:00+00:00,157,ete
2019-06-24 00:00:00+00:00,445,ete
2019-06-25 00:00:00+00:00,225,ete
2019-06-26 00:00:00+00:00,260,ete
2019-06-27 00:00:00+00:00,289,ete
2019-06-28 00:00:00+00:00,309,ete
2019-06-29 00:00:00+00:00,159,ete
2019-06-30 00:00:00+00:00,152,ete
2019-07-01 00:00:00+00:00,404,ete
2019-07-02 00:00:00+00:00,364,ete
2019-07-03 00:00:00+00:00,331,ete
2019-07-04 00:00:00+00:00,301,ete
2019-07-05 00:00:00+00:00,328,ete
2019-07-06 00:00:00+00:00,213,ete
2019-07-07 00:00:00+00:00,155,ete
2019-07-08 00:00:00+00:00,454,ete
2019-07-09 00:00:00+00:00,303,ete
2019-07-10 00:00:00+00:00,358,ete
2019-07-11 00:00:00+00:00,263,ete
2019-07-12 00:00:00+00:00,298,ete
2019-07-13 00:00:00+00:00,204,ete
2019-07-14 00:00:00+00:00,156,ete
2019-07-15 00:00:00+00:00,396,ete
2019-07-16 00:00:00+00:00,388,ete
2019-07-17 00:00:00+00:00,366,ete
2019-07-18 00:00:00+00:00,366,ete
2019-07-19 00:00:00+00:00,342,ete
2019-07-20 00:00:00+00:00,213,ete
2019-07-21 00:00:00+00:00,135,ete
2019-07-22 00:00:00+00:00,379,ete
2019-07-23 00:00:00+00:00,366,ete
2019-07-24 00:00:00+00:00,288,ete
2019-07-25 00:00:00+00:00,202,ete
2019-07-26 00:00:00+00:00,313,ete
2019-07-27 00:00:00+00:00,204,ete
2019-07-28 00:00:00+00:00,132,ete
2019-07-29 00:00:00+00:00,353,ete
2019-07-30 00:00:00+00:00,265,ete
2019-07-31 00:00:00+00:00,341,ete
2019-08-01 00:00:00+00:00,279,ete
2019-08-02 00:00:00+00:00,329,ete
2019-08-03 00:00:00+00:00,170,ete
2019-08-04 00:00:00+00:00,140,ete
2019-08-05 00:00:00+00:00,383,ete
2019-08-06 00:00:00+00:00,274,ete
2019-08-07 00:00:00+00:00,283,ete
2019-08-08 00:00:00+00:00,276,ete
2019-08-09 00:00:00+00:00,294,ete
2019-08-10 00:00:00+00:00,239,ete
2019-08-11 00:00:00+00:00,119,ete
2019-08-12 00:00:00+00:00,374,ete
2019-08-13 00:00:00+00:00,284,ete
2019-08-14 00:00:00+00:00,286,ete
2019-08-15 00:00:00+00:00,220,ete
2019-08-16 00:00:00+00:00,284,ete
2019-08-17 00:00:00+00:00,233,ete
2019-08-18 00:00:00+00:00,153,ete
2019-08-19 00:00:00+00:00,372,ete
2019-08-20 00:00:00+00:00,244,ete
2019-08-21 00:00:00+00:00,291,ete
2019-08-22 00:00:00+00:00,238,ete
2019-08-23 00:00:00+00:00,301,ete
2019-08-24 00:00:00+00:00,180,ete
2019-08-25 00:00:00+00:00,120,ete
2019-08-26 00:00:00+00:00,337,ete
2019-08-27 00:00:00+00:00,271,ete
2019-08-28 00:00:00+00:00,271,ete
2019-08-29 00:00:00+00:00,299,ete
2019-08-30 00:00:00+00:00,278,ete
2019-08-31 00:00:00+00:00,198,ete
2019-09-01 00:00:00+00:00,101,automne
2019-09-02 00:00:00+00:00,358,automne
2019-09-03 00:00:00+00:00,304,automne
2019-09-04 00:00:00+00:00,332,automne
2019-09-05 00:00:00+00:00,326,automne
2019-09-06 00:00:00+00:00,291,automne
2019-09-07 00:00:00+00:00,169,automne
2019-09-08 00:00:00+00:00,120,automne
2019-09-09 00:00:00+00:00,339,automne
2019-09-10 00:00:00+00:00,345,automne
2019-09-11 00:00:00+00:00,324,automne
2019-09-12 00:00:00+00:00,281,automne
2019-09-13 00:00:00+00:00,282,automne
2019-09-14 00:00:00+00:00,178,automne
2019-09-15 00:00:00+00:00,98,automne
2019-09-16 00:00:00+00:00,361,automne
2019-09-17 00:00:00+00:00,343,automne
2019-09-18 00:00:00+00:00,291,automne
2019-09-19 00:00:00+00:00,288,automne
2019-09-20 00:00:00+00:00,418,automne
2019-09-21 00:00:00+00:00,228,automne
2019-09-22 00:00:00+00:00,113,automne
2019-09-23 00:00:00+00:00,311,automne
2019-09-24 00:00:00+00:00,222,automne
2019-09-25 00:00:00+00:00,280,automne
2019-09-26 00:00:00+00:00,263,automne
2019-09-27 00:00:00+00:00,292,automne
2019-09-28 00:00:00+00:00,192,automne
2019-09-29 00:00:00+00:00,107,automne
2019-09-30 00:00:00+00:00,323,automne
2019-10-01 00:00:00+00:00,303,automne
2019-10-02 00:00:00+00:00,276,automne
2019-10-03 00:00:00+00:00,261,automne
2019-10-04 00:00:00+00:00,328,automne
2019-10-05 00:00:00+00:00,157,automne
2019-10-06 00:00:00+00:00,77,automne
2019-10-07 00:00:00+00:00,379,automne
2019-10-08 00:00:00+00:00,293,automne
2019-10-09 00:00:00+00:00,336,automne
2019-10-10 00:00:00+00:00,299,automne
2019-10-11 00:00:00+00:00,279,automne
2019-10-12 00:00:00+00:00,223,automne
2019-10-13 00:00:00+00:00,91,automne
2019-10-14 00:00:00+00:00,386,automne
2019-10-15 00:00:00+00:00,267,automne
2019-10-16 00:00:00+00:00,268,automne
2019-10-17 00:00:00+00:00,271,automne
2019-10-18 00:00:00+00:00,196,automne
2019-10-19 00:00:00+00:00,116,automne
2019-10-20 00:00:00+00:00,88,automne
2019-10-21 00:00:00+00:00,292,automne
2019-10-22 00:00:00+00:00,336,automne
2019-10-23 00:00:00+00:00,269,automne
2019-10-24 00:00:00+00:00,308,automne
2019-10-25 00:00:00+00:00,250,automne
2019-10-26 00:00:00+00:00,165,automne
2019-10-27 00:00:00+00:00,117,automne
2019-10-28 00:00:00+00:00,303,automne
2019-10-29 00:00:00+00:00,246,automne
2019-10-30 00:00:00+00:00,222,automne
2019-10-31 00:00:00+00:00,266,automne
2019-11-01 00:00:00+00:00,173,automne
2019-11-02 00:00:00+00:00,153,automne
2019-11-03 00:00:00+00:00,87,automne
2019-11-04 00:00:00+00:00,289,automne
2019-11-05 00:00:00+00:00,280,automne
2019-11-06 00:00:00+00:00,275,automne
2019-11-07 00:00:00+00:00,343,automne
2019-11-08 00:00:00+00:00,298,automne
2019-11-09 00:00:00+00:00,251,automne
2019-11-10 00:00:00+00:00,107,automne
2019-11-11 00:00:00+00:00,118,automne
2019-11-12 00:00:00+00:00,312,automne
2019-11-13 00:00:00+00:00,278,automne
2019-11-14 00:00:00+00:00,295,automne
2019-11-15 00:00:00+00:00,291,automne
2019-11-16 00:00:00+00:00,150,automne
2019-11-17 00:00:00+00:00,84,automne
2019-11-18 00:00:00+00:00,270,automne
2019-11-19 00:00:00+00:00,265,automne
2019-11-20 00:00:00+00:00,257,automne
2019-11-21 00:00:00+00:00,249,automne
2019-11-22 00:00:00+00:00,255,automne
2019-11-23 00:00:00+00:00,208,automne
2019-11-24 00:00:00+00:00,116,automne
2019-11-25 00:00:00+00:00,325,automne
2019-11-26 00:00:00+00:00,260,automne
2019-11-27 00:00:00+00:00,233,automne
2019-11-28 00:00:00+00:00,245,automne
2019-11-29 00:00:00+00:00,284,automne
2019-11-30 00:00:00+00:00,181,automne
2019-12-01 00:00:00+00:00,116,hiver
2019-12-02 00:00:00+00:00,278,hiver
2019-12-03 00:00:00+00:00,272,hiver
2019-12-04 00:00:00+00:00,333,hiver
2019-12-05 00:00:00+00:00,121,hiver
2019-12-06 00:00:00+00:00,77,hiver
2019-12-07 00:00:00+00:00,50,hiver
2019-12-08 00:00:00+00:00,16,hiver
2019-12-09 00:00:00+00:00,95,hiver
2019-12-10 00:00:00+00:00,53,hiver
2019-12-11 00:00:00+00:00,107,hiver
2019-12-12 00:00:00+00:00,84,hiver
2019-12-13 00:00:00+00:00,94,hiver
2019-12-14 00:00:00+00:00,63,hiver
2019-12-15 00:00:00+00:00,34,hiver
2019-12-16 00:00:00+00:00,99,hiver
2019-12-17 00:00:00+00:00,85,hiver
2019-12-18 00:00:00+00:00,103,hiver
2019-12-19 00:00:00+00:00,160,hiver
2019-12-20 00:00:00+00:00,129,hiver
2019-12-21 00:00:00+00:00,108,hiver
2019-12-22 00:00:00+00:00,74,hiver
2019-12-23 00:00:00+00:00,146,hiver
2019-12-24 00:00:00+00:00,121,hiver
2019-12-25 00:00:00+00:00,38,hiver
2019-12-26 00:00:00+00:00,163,hiver
2019-12-27 00:00:00+00:00,135,hiver
2019-12-28 00:00:00+00:00,112,hiver
2019-12-29 00:00:00+00:00,49,hiver
2019-12-30 00:00:00+00:00,158,hiver
2019-12-31 00:00:00+00:00,183,hiver
2020-01-01 00:00:00+00:00,33,hiver
2020-01-02 00:00:00+00:00,185,hiver
2020-01-03 00:00:00+00:00,155,hiver
2020-01-04 00:00:00+00:00,71,hiver
2020-01-05 00:00:00+00:00,45,hiver
2020-01-06 00:00:00+00:00,212,hiver
2020-01-07 00:00:00+00:00,158,hiver
2020-01-08 00:00:00+00:00,193,hiver
2020-01-09 00:00:00+00:00,119,hiver
2020-01-10 00:00:00+00:00,143,hiver
2020-01-11 00:00:00+00:00,74,hiver
2020-01-12 00:00:00+00:00,97,hiver
2020-01-13 00:00:00+00:00,216,hiver
2020-01-14 00:00:00+00:00,198,hiver
2020-01-15 00:00:00+00:00,177,hiver
2020-01-16 00:00:00+00:00,177,hiver
2020-01-17 00:00:00+00:00,203,hiver
2020-01-18 00:00:00+00:00,124,hiver
2020-01-19 00:00:00+00:00,92,hiver
2020-01-20 00:00:00+00:00,210,hiver
2020-01-21 00:00:00+00:00,228,hiver
2020-01-22 00:00:00+00:00,232,hiver
2020-01-23 00:00:00+00:00,211,hiver
2020-01-24 00:00:00+00:00,242,hiver
2020-01-25 00:00:00+00:00,148,hiver
2020-01-26 00:00:00+00:00,87,hiver
2020-01-27 00:00:00+00:00,256,hiver
2020-01-28 00:00:00+00:00,242,hiver
2020-01-29 00:00:00+00:00,211,hiver
2020-01-30 00:00:00+00:00,264,hiver
2020-01-31 00:00:00+00:00,242,hiver
2020-02-01 00:00:00+00:00,200,hiver
2020-02-02 00:00:00+00:00,81,hiver
2020-02-03 00:00:00+00:00,266,hiver
2020-02-04 00:00:00+00:00,215,hiver
2020-02-05 00:00:00+00:00,298,hiver
2020-02-06 00:00:00+00:00,289,hiver
2020-02-07 00:00:00+00:00,248,hiver
2020-02-08 00:00:00+00:00,143,hiver
2020-02-09 00:00:00+00:00,101,hiver
2020-02-10 00:00:00+00:00,265,hiver
2020-02-11 00:00:00+00:00,310,hiver
2020-02-12 00:00:00+00:00,251,hiver
2020-02-13 00:00:00+00:00,290,hiver
2020-02-14 00:00:00+00:00,287,hiver
2020-02-15 00:00:00+00:00,156,hiver
2020-02-16 00:00:00+00:00,111,hiver
2020-02-17 00:00:00+00:00,303,hiver
2020-02-18 00:00:00+00:00,282,hiver
2020-02-19 00:00:00+00:00,245,hiver
2020-02-20 00:00:00+00:00,273,hiver
2020-02-21 00:00:00+00:00,251,hiver
2020-02-22 00:00:00+00:00,204,hiver
2020-02-23 00:00:00+00:00,107,hiver
2020-02-24 00:00:00+00:00,355,hiver
2020-02-25 00:00:00+00:00,279,hiver
2020-02-26 00:00:00+00:00,245,hiver
2020-02-27 00:00:00+00:00,257,hiver
2020-02-28 00:00:00+00:00,230,hiver
2020-02-29 00:00:00+00:00,159,hiver
2020-03-01 00:00:00+00:00,98,printemps
2020-03-02 00:00:00+00:00,337,printemps
2020-03-03 00:00:00+00:00,242,printemps
2020-03-04 00:00:00+00:00,241,printemps
2020-03-05 00:00:00+00:00,211,printemps
2020-03-06 00:00:00+00:00,243,printemps
2020-03-07 00:00:00+00:00,160,printemps
2020-03-08 00:00:00+00:00,80,printemps
2020-03-09 00:00:00+00:00,272,printemps
2020-03-10 00:00:00+00:00,228,printemps
2020-03-11 00:00:00+00:00,223,printemps
2020-03-12 00:00:00+00:00,231,printemps
2020-03-13 00:00:00+00:00,244,printemps
2020-03-14 00:00:00+00:00,122,printemps
2020-03-15 00:00:00+00:00,67,printemps
2020-03-16 00:00:00+00:00,150,printemps
2020-03-17 00:00:00+00:00,66,printemps
2020-03-18 00:00:00+00:00,13,printemps
2020-03-19 00:00:00+00:00,11,printemps
2020-03-20 00:00:00+00:00,1,printemps
2020-03-21 00:00:00+00:00,0,printemps
2020-03-22 00:00:00+00:00,0,printemps
2020-03-23 00:00:00+00:00,3,printemps
2020-03-24 00:00:00+00:00,6,printemps
2020-03-25 00:00:00+00:00,1,printemps
2020-03-26 00:00:00+00:00,0,printemps
2020-03-27 00:00:00+00:00,3,printemps
2020-03-28 00:00:00+00:00,1,printemps
2020-03-29 00:00:00+00:00,1,printemps
2020-03-30 00:00:00+00:00,15,printemps
2020-03-31 00:00:00+00:00,2,printemps
2020-04-01 00:00:00+00:00,0,printemps
2020-04-02 00:00:00+00:00,0,printemps
2020-04-03 00:00:00+00:00,1,printemps
2020-04-04 00:00:00+00:00,0,printemps
2020-04-05 00:00:00+00:00,1,printemps
2020-04-06 00:00:00+00:00,12,printemps
2020-04-07 00:00:00+00:00,14,printemps
2020-04-08 00:00:00+00:00,1,printemps
2020-04-09 00:00:00+00:00,1,printemps
2020-04-10 00:00:00+00:00,0,printemps
2020-04-11 00:00:00+00:00,2,printemps
2020-04-12 00:00:00+00:00,0,printemps
2020-04-13 00:00:00+00:00,1,printemps
2020-04-14 00:00:00+00:00,0,printemps
2020-04-15 00:00:00+00:00,0,printemps
2020-04-16 00:00:00+00:00,1,printemps
2020-04-17 00:00:00+00:00,2,printemps
2020-04-18 00:00:00+00:00,2,printemps
2020-04-19 00:00:00+00:00,0,printemps
2020-04-20 00:00:00+00:00,7,printemps
2020-04-21 00:00:00+00:00,1,printemps
2020-04-22 00:00:00+00:00,0,printemps
2020-04-23 00:00:00+00:00,2,printemps
2020-04-24 00:00:00+00:00,0,printemps
2020-04-25 00:00:00+00:00,1,printemps
2020-04-26 00:00:00+00:00,0,printemps
2020-04-27 00:00:00+00:00,6,printemps
2020-04-28 00:00:00+00:00,1,printemps
2020-04-29 00:00:00+00:00,1,printemps
2020-04-30 00:00:00+00:00,1,printemps
2020-05-01 00:00:00+00:00,0,printemps
2020-05-02 00:00:00+00:00,0,printemps
2020-05-03 00:00:00+00:00,0,printemps
2020-05-04 00:00:00+00:00,6,printemps
2020-05-05 00:00:00+00:00,1,printemps
2020-05-06 00:00:00+00:00,2,printemps
2020-05-07 00:00:00+00:00,1,printemps
2020-05-08 00:00:00+00:00,0,printemps
2020-05-09 00:00:00+00:00,0,printemps
2020-05-10 00:00:00+00:00,2,printemps
2020-05-11 00:00:00+00:00,63,printemps
2020-05-12 00:00:00+00:00,61,printemps
2020-05-13 00:00:00+00:00,42,printemps
2020-05-14 00:00:00+00:00,36,printemps
2020-05-15 00:00:00+00:00,46,printemps
2020-05-16 00:00:00+00:00,22,printemps
2020-05-17 00:00:00+00:00,31,printemps
2020-05-18 00:00:00+00:00,47,printemps
2020-05-19 00:00:00+00:00,46,printemps
2020-05-20 00:00:00+00:00,89,printemps
2020-05-21 00:00:00+00:00,37,printemps
2020-05-22 00:00:00+00:00,62,printemps
2020-05-23 00:00:00+00:00,17,printemps
2020-05-24 00:00:00+00:00,17,printemps
2020-05-25 00:00:00+00:00,65,printemps
2020-05-26 00:00:00+00:00,76,printemps
2020-05-27 00:00:00+00:00,85,printemps
2020-05-28 00:00:00+00:00,102,printemps
2020-05-29 00:00:00+00:00,66,printemps
2020-05-30 00:00:00+00:00,41,printemps
2020-05-31 00:00:00+00:00,46,printemps
2020-06-01 00:00:00+00:00,26,ete
2020-06-02 00:00:00+00:00,140,ete
2020-06-03 00:00:00+00:00,70,ete
2020-06-04 00:00:00+00:00,68,ete
2020-06-05 00:00:00+00:00,103,ete
2020-06-06 00:00:00+00:00,35,ete
2020-06-07 00:00:00+00:00,53,ete
2020-06-08 00:00:00+00:00,137,ete
2020-06-09 00:00:00+00:00,108,ete
2020-06-10 00:00:00+00:00,129,ete
2020-06-11 00:00:00+00:00,76,ete
2020-06-12 00:00:00+00:00,127,ete
2020-06-13 00:00:00+00:00,57,ete
2020-06-14 00:00:00+00:00,61,ete
2020-06-15 00:00:00+00:00,140,ete
2020-06-16 00:00:00+00:00,136,ete
2020-06-17 00:00:00+00:00,134,ete
2020-06-18 00:00:00+00:00,151,ete
2020-06-19 00:00:00+00:00,164,ete
2020-06-20 00:00:00+00:00,69,ete
2020-06-21 00:00:00+00:00,38,ete
2020-06-22 00:00:00+00:00,239,ete
2020-06-23 00:00:00+00:00,157,ete
2020-06-24 00:00:00+00:00,149,ete
2020-06-25 00:00:00+00:00,153,ete
2020-06-26 00:00:00+00:00,174,ete
2020-06-27 00:00:00+00:00,80,ete
2020-06-28 00:00:00+00:00,50,ete
2020-06-29 00:00:00+00:00,262,ete
2020-06-30 00:00:00+00:00,200,ete
2020-07-01 00:00:00+00:00,155,ete
2020-07-02 00:00:00+00:00,149,ete
2020-07-03 00:00:00+00:00,167,ete
2020-07-04 00:00:00+00:00,147,ete
2020-07-05 00:00:00+00:00,124,ete
2020-07-06 00:00:00+00:00,245,ete
2020-07-07 00:00:00+00:00,196,ete
2020-07-08 00:00:00+00:00,217,ete
2020-07-09 00:00:00+00:00,166,ete
2020-07-10 00:00:00+00:00,220,ete
2020-07-11 00:00:00+00:00,168,ete
2020-07-12 00:00:00+00:00,103,ete
2020-07-13 00:00:00+00:00,263,ete
2020-07-14 00:00:00+00:00,109,ete
2020-07-15 00:00:00+00:00,229,ete
2020-07-16 00:00:00+00:00,223,ete
2020-07-17 00:00:00+00:00,230,ete
2020-07-18 00:00:00+00:00,159,ete
2020-07-19 00:00:00+00:00,104,ete
2020-07-20 00:00:00+00:00,278,ete
2020-07-21 00:00:00+00:00,199,ete
2020-07-22 00:00:00+00:00,196,ete
2020-07-23 00:00:00+00:00,193,ete
2020-07-24 00:00:00+00:00,201,ete
2020-07-25 00:00:00+00:00,167,ete
2020-07-26 00:00:00+00:00,92,ete
2020-07-27 00:00:00+00:00,276,ete
2020-07-28 00:00:00+00:00,211,ete
2020-07-29 00:00:00+00:00,169,ete
2020-07-30 00:00:00+00:00,213,ete
2020-07-31 00:00:00+00:00,144,ete
2020-08-01 00:00:00+00:00,152,ete
2020-08-02 00:00:00+00:00,118,ete
2020-08-03 00:00:00+00:00,228,ete
2020-08-04 00:00:00+00:00,204,ete
2020-08-05 00:00:00+00:00,190,ete
2020-08-06 00:00:00+00:00,197,ete
2020-08-07 00:00:00+00:00,188,ete
2020-08-08 00:00:00+00:00,123,ete
2020-08-09 00:00:00+00:00,109,ete
2020-08-10 00:00:00+00:00,223,ete
2020-08-11 00:00:00+00:00,166,ete
2020-08-12 00:00:00+00:00,180,ete
2020-08-13 00:00:00+00:00,168,ete
2020-08-14 00:00:00+00:00,157,ete
2020-08-15 00:00:00+00:00,124,ete
2020-08-16 00:00:00+00:00,129,ete
2020-08-17 00:00:00+00:00,243,ete
2020-08-18 00:00:00+00:00,218,ete
2020-08-19 00:00:00+00:00,159,ete
2020-08-20 00:00:00+00:00,201,ete
2020-08-21 00:00:00+00:00,200,ete
2020-08-22 00:00:00+00:00,105,ete
2020-08-23 00:00:00+00:00,122,ete
2020-08-24 00:00:00+00:00,294,ete
2020-08-25 00:00:00+00:00,253,ete
2020-08-26 00:00:00+00:00,196,ete
2020-08-27 00:00:00+00:00,215,ete
2020-08-28 00:00:00+00:00,182,ete
2020-08-29 00:00:00+00:00,117,ete
2020-08-30 00:00:00+00:00,111,ete
2020-08-31 00:00:00+00:00,271,ete
2020-09-01 00:00:00+00:00,189,automne
2020-09-02 00:00:00+00:00,207,automne
2020-09-03 00:00:00+00:00,181,automne
2020-09-04 00:00:00+00:00,196,automne
2020-09-05 00:00:00+00:00,147,automne
2020-09-06 00:00:00+00:00,107,automne
2020-09-07 00:00:00+00:00,286,automne
2020-09-08 00:00:00+00:00,208,automne
2020-09-09 00:00:00+00:00,177,automne
2020-09-10 00:00:00+00:00,196,automne
2020-09-11 00:00:00+00:00,173,automne
2020-09-12 00:00:00+00:00,103,automne
2020-09-13 00:00:00+00:00,83,automne
2020-09-14 00:00:00+00:00,263,automne
2020-09-15 00:00:00+00:00,228,automne
2020-09-16 00:00:00+00:00,182,automne
2020-09-17 00:00:00+00:00,169,automne
2020-09-18 00:00:00+00:00,180,automne
2020-09-19 00:00:00+00:00,117,automne
2020-09-20 00:00:00+00:00,85,automne
2020-09-21 00:00:00+00:00,250,automne
2020-09-22 00:00:00+00:00,212,automne
2020-09-23 00:00:00+00:00,164,automne
2020-09-24 00:00:00+00:00,165,automne
2020-09-25 00:00:00+00:00,168,automne
2020-09-26 00:00:00+00:00,125,automne
2020-09-27 00:00:00+00:00,76,automne
2020-09-28 00:00:00+00:00,240,automne
2020-09-29 00:00:00+00:00,163,automne
2020-09-30 00:00:00+00:00,190,automne
2020-10-01 00:00:00+00:00,185,automne
2020-10-02 00:00:00+00:00,206,automne
2020-10-03 00:00:00+00:00,99,automne
2020-10-04 00:00:00+00:00,104,automne
2020-10-05 00:00:00+00:00,253,automne
2020-10-06 00:00:00+00:00,177,automne
2020-10-07 00:00:00+00:00,138,automne
2020-10-08 00:00:00+00:00,173,automne
2020-10-09 00:00:00+00:00,179,automne
2020-10-10 00:00:00+00:00,87,automne
2020-10-11 00:00:00+00:00,75,automne
2020-10-12 00:00:00+00:00,224,automne
2020-10-13 00:00:00+00:00,199,automne
2020-10-14 00:00:00+00:00,187,automne
2020-10-15 00:00:00+00:00,206,automne
2020-10-16 00:00:00+00:00,208,automne
2020-10-17 00:00:00+00:00,124,automne
2020-10-18 00:00:00+00:00,103,automne
2020-10-19 00:00:00+00:00,231,automne
2020-10-20 00:00:00+00:00,208,automne
2020-10-21 00:00:00+00:00,180,automne
2020-10-22 00:00:00+00:00,153,automne
2020-10-23 00:00:00+00:00,206,automne
2020-10-24 00:00:00+00:00,121,automne
2020-10-25 00:00:00+00:00,99,automne
2020-10-26 00:00:00+00:00,210,automne
2020-10-27 00:00:00+00:00,190,automne
2020-10-28 00:00:00+00:00,180,automne
2020-10-29 00:00:00+00:00,175,automne
2020-10-30 00:00:00+00:00,142,automne
2020-10-31 00:00:00+00:00,114,automne
2020-11-01 00:00:00+00:00,61,automne
2020-11-02 00:00:00+00:00,203,automne
2020-11-03 00:00:00+00:00,92,automne
2020-11-04 00:00:00+00:00,108,automne
2020-11-05 00:00:00+00:00,89,automne
2020-11-06 00:00:00+00:00,85,automne
2020-11-07 00:00:00+00:00,35,automne
2020-11-08 00:00:00+00:00,31,automne
2020-11-09 00:00:00+00:00,73,automne
2020-11-10 00:00:00+00:00,74,automne
2020-11-11 00:00:00+00:00,21,automne
2020-11-12 00:00:00+00:00,72,automne
2020-11-13 00:00:00+00:00,58,automne
2020-11-14 00:00:00+00:00,30,automne
2020-11-15 00:00:00+00:00,15,automne
2020-11-16 00:00:00+00:00,118,automne
2020-11-17 00:00:00+00:00,76,automne
2020-11-18 00:00:00+00:00,76,automne
2020-11-19 00:00:00+00:00,91,automne
2020-11-20 00:00:00+00:00,88,automne
2020-11-21 00:00:00+00:00,27,automne
2020-11-22 00:00:00+00:00,25,automne
2020-11-23 00:00:00+00:00,91,automne
2020-11-24 00:00:00+00:00,87,automne
2020-11-25 00:00:00+00:00,75,automne
2020-11-26 00:00:00+00:00,97,automne
2020-11-27 00:00:00+00:00,58,automne
2020-11-28 00:00:00+00:00,40,automne
2020-11-29 00:00:00+00:00,20,automne
2020-11-30 00:00:00+00:00,97,automne
2020-12-01 00:00:00+00:00,99,hiver
2020-12-02 00:00:00+00:00,101,hiver
2020-12-03 00:00:00+00:00,99,hiver
2020-12-04 00:00:00+00:00,101,hiver
2020-12-05 00:00:00+00:00,56,hiver
2020-12-06 00:00:00+00:00,19,hiver
2020-12-07 00:00:00+00:00,108,hiver
2020-12-08 00:00:00+00:00,90,hiver
2020-12-09 00:00:00+00:00,123,hiver
2020-12-10 00:00:00+00:00,109,hiver
2020-12-11 00:00:00+00:00,110,hiver
2020-12-12 00:00:00+00:00,48,hiver
2020-12-13 00:00:00+00:00,42,hiver
2020-12-14 00:00:00+00:00,123,hiver
2020-12-15 00:00:00+00:00,141,hiver
2020-12-16 00:00:00+00:00,170,hiver
2020-12-17 00:00:00+00:00,180,hiver
2020-12-18 00:00:00+00:00,162,hiver
2020-12-19 00:00:00+00:00,94,hiver
2020-12-20 00:00:00+00:00,102,hiver
2020-12-21 00:00:00+00:00,211,hiver
2020-12-22 00:00:00+00:00,183,hiver
2020-12-23 00:00:00+00:00,175,hiver
2020-12-24 00:00:00+00:00,156,hiver
2020-12-25 00:00:00+00:00,57,hiver
2020-12-26 00:00:00+00:00,106,hiver
2020-12-27 00:00:00+00:00,80,hiver
2020-12-28 00:00:00+00:00,209,hiver
2020-12-29 00:00:00+00:00,193,hiver
2020-12-30 00:00:00+00:00,151,hiver
2020-12-31 00:00:00+00:00,143,hiver
2021-01-01 00:00:00+00:00,42,hiver
2021-01-02 00:00:00+00:00,105,hiver
2021-01-03 00:00:00+00:00,81,hiver
2021-01-04 00:00:00+00:00,221,hiver
2021-01-05 00:00:00+00:00,177,hiver
2021-01-06 00:00:00+00:00,121,hiver
2021-01-07 00:00:00+00:00,131,hiver
2021-01-08 00:00:00+00:00,140,hiver
2021-01-09 00:00:00+00:00,78,hiver
2021-01-10 00:00:00+00:00,71,hiver
2021-01-11 00:00:00+00:00,191,hiver
2021-01-12 00:00:00+00:00,128,hiver
2021-01-13 00:00:00+00:00,155,hiver
2021-01-14 00:00:00+00:00,120,hiver
2021-01-15 00:00:00+00:00,154,hiver
2021-01-16 00:00:00+00:00,64,hiver
2021-01-17 00:00:00+00:00,71,hiver
2021-01-18 00:00:00+00:00,159,hiver
2021-01-19 00:00:00+00:00,164,hiver
2021-01-20 00:00:00+00:00,128,hiver
2021-01-21 00:00:00+00:00,119,hiver
2021-01-22 00:00:00+00:00,158,hiver
2021-01-23 00:00:00+00:00,65,hiver
2021-01-24 00:00:00+00:00,63,hiver
2021-01-25 00:00:00+00:00,172,hiver
2021-01-26 00:00:00+00:00,135,hiver
2021-01-27 00:00:00+00:00,147,hiver
2021-01-28 00:00:00+00:00,153,hiver
2021-01-29 00:00:00+00:00,129,hiver
2021-01-30 00:00:00+00:00,92,hiver
2021-01-31 00:00:00+00:00,65,hiver
2021-02-01 00:00:00+00:00,202,hiver
2021-02-02 00:00:00+00:00,142,hiver
2021-02-03 00:00:00+00:00,124,hiver
2021-02-04 00:00:00+00:00,117,hiver
2021-02-05 00:00:00+00:00,135,hiver
2021-02-06 00:00:00+00:00,89,hiver
2021-02-07 00:00:00+00:00,95,hiver
2021-02-08 00:00:00+00:00,191,hiver
2021-02-09 00:00:00+00:00,141,hiver
2021-02-10 00:00:00+00:00,108,hiver
2021-02-11 00:00:00+00:00,138,hiver
2021-02-12 00:00:00+00:00,122,hiver
2021-02-13 00:00:00+00:00,81,hiver
2021-02-14 00:00:00+00:00,70,hiver
2021-02-15 00:00:00+00:00,205,hiver
2021-02-16 00:00:00+00:00,157,hiver
2021-02-17 00:00:00+00:00,149,hiver
2021-02-18 00:00:00+00:00,121,hiver
2021-02-19 00:00:00+00:00,145,hiver
2021-02-20 00:00:00+00:00,82,hiver
2021-02-21 00:00:00+00:00,115,hiver
2021-02-22 00:00:00+00:00,205,hiver
2021-02-23 00:00:00+00:00,133,hiver
2021-02-24 00:00:00+00:00,197,hiver
2021-02-25 00:00:00+00:00,152,hiver
2021-02-26 00:00:00+00:00,171,hiver
2021-02-27 00:00:00+00:00,111,hiver
2021-02-28 00:00:00+00:00,73,hiver
2021-03-01 00:00:00+00:00,233,printemps
2021-03-02 00:00:00+00:00,156,printemps
2021-03-03 00:00:00+00:00,162,printemps
2021-03-04 00:00:00+00:00,136,printemps
2021-03-05 00:00:00+00:00,170,printemps
2021-03-06 00:00:00+00:00,86,printemps
2021-03-07 00:00:00+00:00,102,printemps
2021-03-08 00:00:00+00:00,192,printemps
2021-03-09 00:00:00+00:00,175,printemps
2021-03-10 00:00:00+00:00,168,printemps
2021-03-11 00:00:00+00:00,167,printemps
2021-03-12 00:00:00+00:00,134,printemps
2021-03-13 00:00:00+00:00,80,printemps
2021-03-14 00:00:00+00:00,77,printemps
2021-03-15 00:00:00+00:00,193,printemps
2021-03-16 00:00:00+00:00,138,printemps
2021-03-17 00:00:00+00:00,124,printemps
2021-03-18 00:00:00+00:00,154,printemps
2021-03-19 00:00:00+00:00,157,printemps
2021-03-20 00:00:00+00:00,81,printemps
2021-03-21 00:00:00+00:00,59,printemps
2021-03-22 00:00:00+00:00,164,printemps
2021-03-23 00:00:00+00:00,144,printemps
2021-03-24 00:00:00+00:00,148,printemps
2021-03-25 00:00:00+00:00,107,printemps
2021-03-26 00:00:00+00:00,132,printemps
2021-03-27 00:00:00+00:00,68,printemps
2021-03-28 00:00:00+00:00,52,printemps
2021-03-29 00:00:00+00:00,182,printemps
2021-03-30 00:00:00+00:00,132,printemps
2021-03-31 00:00:00+00:00,105,printemps
2021-04-01 00:00:00+00:00,188,printemps
2021-04-02 00:00:00+00:00,181,printemps
2021-04-03 00:00:00+00:00,92,printemps
2021-04-04 00:00:00+00:00,49,printemps
2021-04-05 00:00:00+00:00,93,printemps
2021-04-06 00:00:00+00:00,215,printemps
2021-04-07 00:00:00+00:00,123,printemps
2021-04-08 00:00:00+00:00,107,printemps
2021-04-09 00:00:00+00:00,104,printemps
2021-04-10 00:00:00+00:00,66,printemps
2021-04-11 00:00:00+00:00,38,printemps
2021-04-12 00:00:00+00:00,130,printemps
2021-04-13 00:00:00+00:00,97,printemps
2021-04-14 00:00:00+00:00,95,printemps
2021-04-15 00:00:00+00:00,92,printemps
2021-04-16 00:00:00+00:00,102,printemps
2021-04-17 00:00:00+00:00,62,printemps
2021-04-18 00:00:00+00:00,46,printemps
2021-04-19 00:00:00+00:00,148,printemps
2021-04-20 00:00:00+00:00,89,printemps
2021-04-21 00:00:00+00:00,103,printemps
2021-04-22 00:00:00+00:00,99,printemps
2021-04-23 00:00:00+00:00,125,printemps
2021-04-24 00:00:00+00:00,65,printemps
2021-04-25 00:00:00+00:00,50,printemps
2021-04-26 00:00:00+00:00,160,printemps
2021-04-27 00:00:00+00:00,95,printemps
2021-04-28 00:00:00+00:00,90,printemps
2021-04-29 00:00:00+00:00,117,printemps
2021-04-30 00:00:00+00:00,123,printemps
2021-05-01 00:00:00+00:00,61,printemps
2021-05-02 00:00:00+00:00,39,printemps
2021-05-03 00:00:00+00:00,160,printemps
2021-05-04 00:00:00+00:00,148,printemps
2021-05-05 00:00:00+00:00,143,printemps
2021-05-06 00:00:00+00:00,136,printemps
2021-05-07 00:00:00+00:00,192,printemps
2021-05-08 00:00:00+00:00,62,printemps
2021-05-09 00:00:00+00:00,85,printemps
2021-05-10 00:00:00+00:00,199,printemps
2021-05-11 00:00:00+00:00,139,printemps
2021-05-12 00:00:00+00:00,168,printemps
2021-05-13 00:00:00+00:00,98,printemps
2021-05-14 00:00:00+00:00,150,printemps
2021-05-15 00:00:00+00:00,72,printemps
2021-05-16 00:00:00+00:00,90,printemps
2021-05-17 00:00:00+00:00,224,printemps
2021-05-18 00:00:00+00:00,163,printemps
2021-05-19 00:00:00+00:00,149,printemps
2021-05-20 00:00:00+00:00,180,printemps
2021-05-21 00:00:00+00:00,172,printemps
2021-05-22 00:00:00+00:00,95,printemps
2021-05-23 00:00:00+00:00,73,printemps
2021-05-24 00:00:00+00:00,107,printemps
2021-05-25 00:00:00+00:00,247,printemps
2021-05-26 00:00:00+00:00,160,printemps
2021-05-27 00:00:00+00:00,165,printemps
2021-05-28 00:00:00+00:00,186,printemps
2021-05-29 00:00:00+00:00,101,printemps
2021-05-30 00:00:00+00:00,125,printemps
2021-05-31 00:00:00+00:00,217,printemps
2021-06-01 00:00:00+00:00,164,ete
2021-06-02 00:00:00+00:00,205,ete
2021-06-03 00:00:00+00:00,194,ete
2021-06-04 00:00:00+00:00,225,ete
2021-06-05 00:00:00+00:00,92,ete
2021-06-06 00:00:00+00:00,97,ete
2021-06-07 00:00:00+00:00,205,ete
2021-06-08 00:00:00+00:00,192,ete
2021-06-09 00:00:00+00:00,179,ete
2021-06-10 00:00:00+00:00,200,ete
2021-06-11 00:00:00+00:00,213,ete
2021-06-12 00:00:00+00:00,116,ete
2021-06-13 00:00:00+00:00,102,ete
2021-06-14 00:00:00+00:00,242,ete
2021-06-15 00:00:00+00:00,225,ete
2021-06-16 00:00:00+00:00,182,ete
2021-06-17 00:00:00+00:00,180,ete
2021-06-18 00:00:00+00:00,194,ete
2021-06-19 00:00:00+00:00,140,ete
2021-06-20 00:00:00+00:00,81,ete
2021-06-21 00:00:00+00:00,261,ete
2021-06-22 00:00:00+00:00,190,ete
2021-06-23 00:00:00+00:00,203,ete
2021-06-24 00:00:00+00:00,197,ete
2021-06-25 00:00:00+00:00,190,ete
2021-06-26 00:00:00+00:00,143,ete
2021-06-27 00:00:00+00:00,134,ete
2021-06-28 00:00:00+00:00,269,ete
2021-06-29 00:00:00+00:00,184,ete
2021-06-30 00:00:00+00:00,217,ete
2021-07-01 00:00:00+00:00,207,ete
2021-07-02 00:00:00+00:00,225,ete
2021-07-03 00:00:00+00:00,138,ete
2021-07-04 00:00:00+00:00,124,ete
2021-07-05 00:00:00+00:00,256,ete
2021-07-06 00:00:00+00:00,302,ete
2021-07-07 00:00:00+00:00,247,ete
2021-07-08 00:00:00+00:00,252,ete
2021-07-09 00:00:00+00:00,279,ete
2021-07-10 00:00:00+00:00,147,ete
2021-07-11 00:00:00+00:00,121,ete
2021-07-12 00:00:00+00:00,354,ete
2021-07-13 00:00:00+00:00,213,ete
2021-07-14 00:00:00+00:00,125,ete
2021-07-15 00:00:00+00:00,266,ete
2021-07-16 00:00:00+00:00,242,ete
2021-07-17 00:00:00+00:00,188,ete
2021-07-18 00:00:00+00:00,123,ete
2021-07-19 00:00:00+00:00,299,ete
2021-07-20 00:00:00+00:00,331,ete
2021-07-21 00:00:00+00:00,208,ete
2021-07-22 00:00:00+00:00,246,ete
2021-07-23 00:00:00+00:00,201,ete
2021-07-24 00:00:00+00:00,162,ete
2021-07-25 00:00:00+00:00,129,ete
2021-07-26 00:00:00+00:00,250,ete
2021-07-27 00:00:00+00:00,239,ete
2021-07-28 00:00:00+00:00,209,ete
2021-07-29 00:00:00+00:00,190,ete
2021-07-30 00:00:00+00:00,199,ete
2021-07-31 00:00:00+00:00,201,ete
2021-08-01 00:00:00+00:00,136,ete
2021-08-02 00:00:00+00:00,319,ete
2021-08-03 00:00:00+00:00,206,ete
2021-08-04 00:00:00+00:00,199,ete
2021-08-05 00:00:00+00:00,214,ete
2021-08-06 00:00:00+00:00,176,ete
2021-08-07 00:00:00+00:00,174,ete
2021-08-08 00:00:00+00:00,134,ete
2021-08-09 00:00:00+00:00,337,ete
2021-08-10 00:00:00+00:00,259,ete
2021-08-11 00:00:00+00:00,247,ete
2021-08-12 00:00:00+00:00,224,ete
2021-08-13 00:00:00+00:00,177,ete
2021-08-14 00:00:00+00:00,174,ete
2021-08-15 00:00:00+00:00,137,ete
2021-08-16 00:00:00+00:00,242,ete
2021-08-17 00:00:00+00:00,246,ete
2021-08-18 00:00:00+00:00,181,ete
2021-08-19 00:00:00+00:00,211,ete
2021-08-20 00:00:00+00:00,242,ete
2021-08-21 00:00:00+00:00,172,ete
2021-08-22 00:00:00+00:00,145,ete
2021-08-23 00:00:00+00:00,274,ete
2021-08-24 00:00:00+00:00,225,ete
2021-08-25 00:00:00+00:00,243,ete
2021-08-26 00:00:00+00:00,231,ete
2021-08-27 00:00:00+00:00,256,ete
2021-08-28 00:00:00+00:00,153,ete
2021-08-29 00:00:00+00:00,135,ete
2021-08-30 00:00:00+00:00,241,ete
2021-08-31 00:00:00+00:00,289,ete
2021-09-01 00:00:00+00:00,202,automne
2021-09-02 00:00:00+00:00,270,automne
2021-09-03 00:00:00+00:00,212,automne
2021-09-04 00:00:00+00:00,148,automne
2021-09-05 00:00:00+00:00,120,automne
2021-09-06 00:00:00+00:00,271,automne
2021-09-07 00:00:00+00:00,215,automne
2021-09-08 00:00:00+00:00,216,automne
2021-09-09 00:00:00+00:00,235,automne
2021-09-10 00:00:00+00:00,261,automne
2021-09-11 00:00:00+00:00,132,automne
2021-09-12 00:00:00+00:00,106,automne
2021-09-13 00:00:00+00:00,282,automne
2021-09-14 00:00:00+00:00,255,automne
2021-09-15 00:00:00+00:00,252,automne
2021-09-16 00:00:00+00:00,220,automne
2021-09-17 00:00:00+00:00,242,automne
2021-09-18 00:00:00+00:00,133,automne
2021-09-19 00:00:00+00:00,119,automne
2021-09-20 00:00:00+00:00,297,automne
2021-09-21 00:00:00+00:00,118,automne
2021-09-22 00:00:00+00:00,223,automne
2021-09-23 00:00:00+00:00,207,automne
2021-09-24 00:00:00+00:00,214,automne
2021-09-25 00:00:00+00:00,152,automne
2021-09-26 00:00:00+00:00,103,automne
2021-09-27 00:00:00+00:00,303,automne
2021-09-28 00:00:00+00:00,219,automne
2021-09-29 00:00:00+00:00,216,automne
2021-09-30 00:00:00+00:00,206,automne
2021-10-01 00:00:00+00:00,277,automne
2021-10-02 00:00:00+00:00,168,automne
2021-10-03 00:00:00+00:00,83,automne
2021-10-04 00:00:00+00:00,281,automne
2021-10-05 00:00:00+00:00,212,automne
2021-10-06 00:00:00+00:00,221,automne
2021-10-07 00:00:00+00:00,187,automne
2021-10-08 00:00:00+00:00,251,automne
2021-10-09 00:00:00+00:00,147,automne
2021-10-10 00:00:00+00:00,122,automne
2021-10-11 00:00:00+00:00,307,automne
2021-10-12 00:00:00+00:00,233,automne
2021-10-13 00:00:00+00:00,246,automne
2021-10-14 00:00:00+00:00,261,automne
2021-10-15 00:00:00+00:00,266,automne
2021-10-16 00:00:00+00:00,140,automne
2021-10-17 00:00:00+00:00,113,automne
2021-10-18 00:00:00+00:00,264,automne
2021-10-19 00:00:00+00:00,212,automne
2021-10-20 00:00:00+00:00,174,automne
2021-10-21 00:00:00+00:00,211,automne
2021-10-22 00:00:00+00:00,257,automne
2021-10-23 00:00:00+00:00,155,automne
2021-10-24 00:00:00+00:00,89,automne
2021-10-25 00:00:00+00:00,248,automne
2021-10-26 00:00:00+00:00,201,automne
2021-10-27 00:00:00+00:00,194,automne
2021-10-28 00:00:00+00:00,223,automne
2021-10-29 00:00:00+00:00,233,automne
2021-10-30 00:00:00+00:00,179,automne
2021-10-31 00:00:00+00:00,88,automne
2021-11-01 00:00:00+00:00,135,automne
2021-11-02 00:00:00+00:00,308,automne
2021-11-03 00:00:00+00:00,228,automne
2021-11-04 00:00:00+00:00,207,automne
2021-11-05 00:00:00+00:00,239,automne
2021-11-06 00:00:00+00:00,156,automne
2021-11-07 00:00:00+00:00,117,automne
2021-11-08 00:00:00+00:00,273,automne
2021-11-09 00:00:00+00:00,237,automne
2021-11-10 00:00:00+00:00,228,automne
2021-11-11 00:00:00+00:00,125,automne
2021-11-12 00:00:00+00:00,238,automne
2021-11-13 00:00:00+00:00,142,automne
2021-11-14 00:00:00+00:00,76,automne
2021-11-15 00:00:00+00:00,247,automne
2021-11-16 00:00:00+00:00,241,automne
2021-11-17 00:00:00+00:00,194,automne
2021-11-18 00:00:00+00:00,214,automne
2021-11-19 00:00:00+00:00,240,automne
2021-11-20 00:00:00+00:00,110,automne
2021-11-21 00:00:00+00:00,89,automne
2021-11-22 00:00:00+00:00,259,automne
2021-11-23 00:00:00+00:00,170,automne
2021-11-24 00:00:00+00:00,169,automne
2021-11-25 00:00:00+00:00,218,automne
2021-11-26 00:00:00+00:00,179,automne
2021-11-27 00:00:00+00:00,132,automne
2021-11-28 00:00:00+00:00,90,automne
2021-11-29 00:00:00+00:00,202,automne
2021-11-30 00:00:00+00:00,184,automne
2021-12-01 00:00:00+00:00,224,hiver
2021-12-02 00:00:00+00:00,238,hiver
2021-12-03 00:00:00+00:00,215,hiver
2021-12-04 00:00:00+00:00,140,hiver
2021-12-05 00:00:00+00:00,74,hiver
2021-12-06 00:00:00+00:00,216,hiver
2021-12-07 00:00:00+00:00,213,hiver
2021-12-08 00:00:00+00:00,216,hiver
2021-12-09 00:00:00+00:00,232,hiver
2021-12-10 00:00:00+00:00,209,hiver
2021-12-11 00:00:00+00:00,149,hiver
2021-12-12 00:00:00+00:00,123,hiver
2021-12-13 00:00:00+00:00,276,hiver
2021-12-14 00:00:00+00:00,235,hiver
2021-12-15 00:00:00+00:00,220,hiver
2021-12-16 00:00:00+00:00,193,hiver
2021-12-17 00:00:00+00:00,225,hiver
2021-12-18 00:00:00+00:00,190,hiver
2021-12-19 00:00:00+00:00,123,hiver
2021-12-20 00:00:00+00:00,251,hiver
2021-12-21 00:00:00+00:00,260,hiver
2021-12-22 00:00:00+00:00,226,hiver
2021-12-23 00:00:00+00:00,211,hiver
2021-12-24 00:00:00+00:00,183,hiver
2021-12-25 00:00:00+00:00,65,hiver
2021-12-26 00:00:00+00:00,104,hiver
2021-12-27 00:00:00+00:00,251,hiver
2021-12-28 00:00:00+00:00,211,hiver
2021-12-29 00:00:00+00:00,179,hiver
2021-12-30 00:00:00+00:00,218,hiver
2021-12-31 00:00:00+00:00,174,hiver
