,region,nb_objet,freq,n,date
0,Auvergne-Rhône-Alpes,637.0,12201062,5.220857004087021e-05,2016
1,Bourgogne-Franche-Comté,125.0,2541554,4.918250802461801e-05,2016
2,Bretagne,177.0,904297,0.0001957321543696374,2016
3,Centre-Val de Loire,196.0,2030177,9.654330632255218e-05,2016
4,Grand Est,288.0,5888703,4.890720418401132e-05,2016
5,Hauts-de-France,501.0,11446719,4.376800024531047e-05,2016
6,Normandie,171.0,1732109,9.872357917428984e-05,2016
7,Nouvelle-Aquitaine,406.0,4816423,8.429492177078301e-05,2016
8,Occitanie,184.0,3612762,5.0930562267871506e-05,2016
9,Pays de la Loire,305.0,4867791,6.26567574491181e-05,2016
10,Provence-Alpes-Côte d'Azur,443.0,6709099,6.602973066875299e-05,2016
11,Île-de-France,1215.0,41930789,2.8976320955944807e-05,2016
12,Auvergne-Rhône-Alpes,699.0,12201062,5.729009491141017e-05,2016
13,Bourgogne-Franche-Comté,99.0,2541554,3.895254635549746e-05,2016
14,Bretagne,187.0,904297,0.00020679046817583162,2016
15,Centre-Val de Loire,146.0,2030177,7.191491185251335e-05,2016
16,Grand Est,312.0,5888703,5.298280453267893e-05,2016
17,Hauts-de-France,469.0,11446719,4.097243935139842e-05,2016
18,Normandie,216.0,1732109,0.0001247034684306819,2016
19,Nouvelle-Aquitaine,416.0,4816423,8.637115137104859e-05,2016
20,Occitanie,242.0,3612762,6.698476124361362e-05,2016
21,Pays de la Loire,282.0,4867791,5.793182164147968e-05,2016
22,Provence-Alpes-Côte d'Azur,489.0,6709099,7.288609096392824e-05,2016
23,Île-de-France,1110.0,41930789,2.6472194453579205e-05,2016
24,Auvergne-Rhône-Alpes,648.0,12201062,5.311013090499827e-05,2016
25,Bourgogne-Franche-Comté,112.0,2541554,4.406752719005774e-05,2016
26,Bretagne,183.0,904297,0.00020236714265335393,2016
27,Centre-Val de Loire,157.0,2030177,7.733315863592189e-05,2016
28,Grand Est,276.0,5888703,4.6869404009677514e-05,2016
29,Hauts-de-France,498.0,11446719,4.3505916411506214e-05,2016
30,Normandie,192.0,1732109,0.00011084752749393947,2016
31,Nouvelle-Aquitaine,433.0,4816423,8.99007416915001e-05,2016
32,Occitanie,264.0,3612762,7.307428499303304e-05,2016
33,Pays de la Loire,256.0,4867791,5.2590589858931904e-05,2016
34,Provence-Alpes-Côte d'Azur,583.0,6709099,8.689691417580811e-05,2016
35,Île-de-France,1299.0,41930789,3.097962215783729e-05,2016
36,Auvergne-Rhône-Alpes,625.0,12201062,5.1225049098185056e-05,2016
37,Bourgogne-Franche-Comté,148.0,2541554,5.8232089501147725e-05,2016
38,Bretagne,157.0,904297,0.000173615526757249,2016
39,Centre-Val de Loire,147.0,2030177,7.240747974191412e-05,2016
40,Grand Est,265.0,5888703,4.5001420516538195e-05,2016
41,Hauts-de-France,486.0,11446719,4.2457581076289194e-05,2016
42,Normandie,236.0,1732109,0.00013625008587796726,2016
43,Nouvelle-Aquitaine,488.0,4816423,0.00010132000449296085,2016
44,Occitanie,275.0,3612762,7.611904686774274e-05,2016
45,Pays de la Loire,293.0,4867791,6.0191573549480655e-05,2016
46,Provence-Alpes-Côte d'Azur,661.0,6709099,9.85229164154531e-05,2016
47,Île-de-France,1213.0,41930789,2.89286233082807e-05,2016
48,Auvergne-Rhône-Alpes,680.0,12201062,5.573285341882534e-05,2016
49,Bourgogne-Franche-Comté,144.0,2541554,5.6658249244359945e-05,2016
50,Bretagne,134.0,904297,0.00014818140500300232,2016
51,Centre-Val de Loire,191.0,2030177,9.408046687554829e-05,2016
52,Grand Est,330.0,5888703,5.603950479417964e-05,2016
53,Hauts-de-France,504.0,11446719,4.403008407911472e-05,2016
54,Normandie,232.0,1732109,0.0001339407623885102,2016
55,Nouvelle-Aquitaine,496.0,4816423,0.00010298098817317333,2016
56,Occitanie,271.0,3612762,7.501186073148467e-05,2016
57,Pays de la Loire,369.0,4867791,7.580440491385107e-05,2016
58,Provence-Alpes-Côte d'Azur,696.0,6709099,0.00010373971229221689,2016
59,Île-de-France,1198.0,41930789,2.85708909507999e-05,2016
60,Auvergne-Rhône-Alpes,635.0,12201062,5.204464988375602e-05,2016
61,Bourgogne-Franche-Comté,112.0,2541554,4.406752719005774e-05,2016
62,Bretagne,168.0,904297,0.00018577967194406263,2016
63,Centre-Val de Loire,158.0,2030177,7.782572652532267e-05,2016
64,Grand Est,261.0,5888703,4.432215379176026e-05,2016
65,Hauts-de-France,524.0,11446719,4.577730963780975e-05,2016
66,Normandie,211.0,1732109,0.00012181681406886057,2016
67,Nouvelle-Aquitaine,413.0,4816423,8.574828249096892e-05,2016
68,Occitanie,290.0,3612762,8.027099487871053e-05,2016
69,Pays de la Loire,354.0,4867791,7.272292503930427e-05,2016
70,Provence-Alpes-Côte d'Azur,713.0,6709099,0.00010627358457521643,2016
71,Île-de-France,1085.0,41930789,2.5875973857777872e-05,2016
72,Auvergne-Rhône-Alpes,763.0,12201062,6.253553993906432e-05,2016
73,Bourgogne-Franche-Comté,115.0,2541554,4.524790738264857e-05,2016
74,Bretagne,232.0,904297,0.00025655288030370553,2016
75,Centre-Val de Loire,160.0,2030177,7.881086230412422e-05,2016
76,Grand Est,297.0,5888703,5.0435554314761675e-05,2016
77,Hauts-de-France,524.0,11446719,4.577730963780975e-05,2016
78,Normandie,204.0,1732109,0.00011777549796231068,2016
79,Nouvelle-Aquitaine,688.0,4816423,0.00014284459649827267,2016
80,Occitanie,400.0,3612762,0.00011071861362580763,2016
81,Pays de la Loire,617.0,4867791,0.00012675153883969135,2016
82,Provence-Alpes-Côte d'Azur,952.0,6709099,0.00014189684784797482,2016
83,Île-de-France,1225.0,41930789,2.921480919426534e-05,2016
84,Auvergne-Rhône-Alpes,718.0,12201062,5.884733640399499e-05,2016
85,Bourgogne-Franche-Comté,149.0,2541554,5.862554956534467e-05,2016
86,Bretagne,262.0,904297,0.0002897278217222881,2016
87,Centre-Val de Loire,176.0,2030177,8.669194853453664e-05,2016
88,Grand Est,263.0,5888703,4.4661787154149227e-05,2016
89,Hauts-de-France,494.0,11446719,4.315647129976721e-05,2016
90,Normandie,262.0,1732109,0.00015126068855943824,2016
91,Nouvelle-Aquitaine,670.0,4816423,0.00013910738321779462,2016
92,Occitanie,342.0,3612762,9.466441465006552e-05,2016
93,Pays de la Loire,540.0,4867791,0.00011093327548368449,2016
94,Provence-Alpes-Côte d'Azur,791.0,6709099,0.00011789958681486142,2016
95,Île-de-France,1211.0,41930789,2.8880925660616593e-05,2016
96,Auvergne-Rhône-Alpes,706.0,12201062,5.7863815461309845e-05,2016
97,Bourgogne-Franche-Comté,155.0,2541554,6.0986309950526333e-05,2016
98,Bretagne,187.0,904297,0.00020679046817583162,2016
99,Centre-Val de Loire,180.0,2030177,8.866222009213974e-05,2016
100,Grand Est,355.0,5888703,6.028492182404173e-05,2016
101,Hauts-de-France,542.0,11446719,4.7349812640635275e-05,2016
102,Normandie,231.0,1732109,0.00013336343151614593,2016
103,Nouvelle-Aquitaine,468.0,4816423,9.716754529242967e-05,2016
104,Occitanie,314.0,3612762,8.691411169625899e-05,2016
105,Pays de la Loire,569.0,4867791,0.00011689080324114162,2016
106,Provence-Alpes-Côte d'Azur,685.0,6709099,0.0001021001478738054,2016
107,Île-de-France,1108.0,41930789,2.6424496805915098e-05,2016
108,Auvergne-Rhône-Alpes,713.0,12201062,5.8437536011209515e-05,2016
109,Bourgogne-Franche-Comté,133.0,2541554,5.2330188538193564e-05,2016
110,Bretagne,195.0,904297,0.00021563711922078697,2016
111,Centre-Val de Loire,182.0,2030177,8.964735587094131e-05,2016
112,Grand Est,302.0,5888703,5.128463772073409e-05,2016
113,Hauts-de-France,539.0,11446719,4.7087728806831025e-05,2016
114,Normandie,253.0,1732109,0.00014606471070815983,2016
115,Nouvelle-Aquitaine,559.0,4816423,0.00011606123465484655,2016
116,Occitanie,257.0,3612762,7.11367092545814e-05,2016
117,Pays de la Loire,467.0,4867791,9.593674009422344e-05,2016
118,Provence-Alpes-Côte d'Azur,651.0,6709099,9.70324033078063e-05,2016
119,Île-de-France,1151.0,41930789,2.7449996230693393e-05,2016
120,Auvergne-Rhône-Alpes,657.0,12201062,5.384777161201213e-05,2016
121,Bourgogne-Franche-Comté,112.0,2541554,4.406752719005774e-05,2016
122,Bretagne,136.0,904297,0.00015039306776424118,2016
123,Centre-Val de Loire,167.0,2030177,8.225883752992966e-05,2016
124,Grand Est,302.0,5888703,5.128463772073409e-05,2016
125,Hauts-de-France,525.0,11446719,4.58646709157445e-05,2016
126,Normandie,181.0,1732109,0.00010449688789793252,2016
127,Nouvelle-Aquitaine,485.0,4816423,0.00010069713561288118,2016
128,Occitanie,235.0,3612762,6.504718550516197e-05,2016
129,Pays de la Loire,506.0,4867791,0.00010394858776804509,2016
130,Provence-Alpes-Côte d'Azur,567.0,6709099,8.451209320357324e-05,2016
131,Île-de-France,1054.0,41930789,2.513666031898422e-05,2016
132,Auvergne-Rhône-Alpes,688.0,12201062,5.6388534047282115e-05,2016
133,Bourgogne-Franche-Comté,103.0,2541554,4.052638661228524e-05,2016
134,Bretagne,218.0,904297,0.00024107124097503364,2016
135,Centre-Val de Loire,179.0,2030177,8.816965220273897e-05,2016
136,Grand Est,294.0,5888703,4.992610427117822e-05,2016
137,Hauts-de-France,563.0,11446719,4.918439947726506e-05,2016
138,Normandie,205.0,1732109,0.00011835282883467496,2016
139,Nouvelle-Aquitaine,570.0,4816423,0.00011834508721513871,2016
140,Occitanie,282.0,3612762,7.805662260619437e-05,2016
141,Pays de la Loire,494.0,4867791,0.00010148340386840766,2016
142,Provence-Alpes-Côte d'Azur,611.0,6709099,9.107035087721913e-05,2016
143,Île-de-France,1007.0,41930789,2.4015765598877714e-05,2016
144,Auvergne-Rhône-Alpes,728.0,12937987,5.626841331653835e-05,2017
145,Bourgogne-Franche-Comté,82.0,2677676,3.062357058882404e-05,2017
146,Bretagne,146.0,956024,0.00015271583140172214,2017
147,Centre-Val de Loire,164.0,2113713,7.758858463755486e-05,2017
148,Grand Est,299.0,6147367,4.863870987367437e-05,2017
149,Hauts-de-France,568.0,12056422,4.711182140107571e-05,2017
150,Normandie,210.0,1812054,0.00011589058604213782,2017
151,Nouvelle-Aquitaine,533.0,5506383,9.679675387636494e-05,2017
152,Occitanie,239.0,3799770,6.289854385923359e-05,2017
153,Pays de la Loire,447.0,5149394,8.680633099739503e-05,2017
154,Provence-Alpes-Côte d'Azur,523.0,7260851,7.203012429259325e-05,2017
155,Île-de-France,1127.0,43624152,2.583431306584481e-05,2017
156,Auvergne-Rhône-Alpes,757.0,12937987,5.8509874836015836e-05,2017
157,Bourgogne-Franche-Comté,106.0,2677676,3.958656685872376e-05,2017
158,Bretagne,174.0,956024,0.00018200379906780582,2017
159,Centre-Val de Loire,176.0,2113713,8.326579814761985e-05,2017
160,Grand Est,313.0,6147367,5.09161076604016e-05,2017
161,Hauts-de-France,511.0,12056422,4.2384050591460714e-05,2017
162,Normandie,177.0,1812054,9.767920823551616e-05,2017
163,Nouvelle-Aquitaine,428.0,5506383,7.77279749701392e-05,2017
164,Occitanie,220.0,3799770,5.789824120933635e-05,2017
165,Pays de la Loire,400.0,5149394,7.767904339811636e-05,2017
166,Provence-Alpes-Côte d'Azur,491.0,7260851,6.762292739514969e-05,2017
167,Île-de-France,1132.0,43624152,2.59489284743002e-05,2017
168,Auvergne-Rhône-Alpes,779.0,12937987,6.0210293919757376e-05,2017
169,Bourgogne-Franche-Comté,113.0,2677676,4.220077410411118e-05,2017
170,Bretagne,149.0,956024,0.00015585382793737395,2017
171,Centre-Val de Loire,201.0,2113713,9.509332629358858e-05,2017
172,Grand Est,391.0,6147367,6.360446675788187e-05,2017
173,Hauts-de-France,498.0,12056422,4.130578707347835e-05,2017
174,Normandie,204.0,1812054,0.00011257942644093388,2017
175,Nouvelle-Aquitaine,570.0,5506383,0.00010351622834808258,2017
176,Occitanie,260.0,3799770,6.842519415648842e-05,2017
177,Pays de la Loire,480.0,5149394,9.321485207773963e-05,2017
178,Provence-Alpes-Côte d'Azur,565.0,7260851,7.781457022048793e-05,2017
179,Île-de-France,1024.0,43624152,2.3473235651663785e-05,2017
180,Auvergne-Rhône-Alpes,740.0,12937987,5.719591463494283e-05,2017
181,Bourgogne-Franche-Comté,147.0,2677676,5.4898352153135776e-05,2017
182,Bretagne,206.0,956024,0.00021547576211475864,2017
183,Centre-Val de Loire,175.0,2113713,8.27926970217811e-05,2017
184,Grand Est,311.0,6147367,5.0590765119440564e-05,2017
185,Hauts-de-France,469.0,12056422,3.8900429994902305e-05,2017
186,Normandie,202.0,1812054,0.0001114757065738659,2017
187,Nouvelle-Aquitaine,558.0,5506383,0.0001013369393302282,2017
188,Occitanie,293.0,3799770,7.710993033788888e-05,2017
189,Pays de la Loire,412.0,5149394,8.000941470005985e-05,2017
190,Provence-Alpes-Côte d'Azur,556.0,7260851,7.657504609308192e-05,2017
191,Île-de-France,1084.0,43624152,2.484862055312846e-05,2017
192,Auvergne-Rhône-Alpes,689.0,12937987,5.325403403172379e-05,2017
193,Bourgogne-Franche-Comté,113.0,2677676,4.220077410411118e-05,2017
194,Bretagne,143.0,956024,0.00014957783486607031,2017
195,Centre-Val de Loire,200.0,2113713,9.462022516774983e-05,2017
196,Grand Est,312.0,6147367,5.0753436389921086e-05,2017
197,Hauts-de-France,544.0,12056422,4.5121181060185186e-05,2017
198,Normandie,226.0,1812054,0.00012472034497868165,2017
199,Nouvelle-Aquitaine,557.0,5506383,0.00010115533191207367,2017
200,Occitanie,231.0,3799770,6.079315326980317e-05,2017
201,Pays de la Loire,466.0,5149394,9.049608555880556e-05,2017
202,Provence-Alpes-Côte d'Azur,572.0,7260851,7.877864454180372e-05,2017
203,Île-de-France,1043.0,43624152,2.3908774203794266e-05,2017
204,Auvergne-Rhône-Alpes,700.0,12937987,5.4104243573594564e-05,2017
205,Bourgogne-Franche-Comté,131.0,2677676,4.892302130653597e-05,2017
206,Bretagne,190.0,956024,0.00019873978059128223,2017
207,Centre-Val de Loire,203.0,2113713,9.603952854526607e-05,2017
208,Grand Est,356.0,6147367,5.79109722910638e-05,2017
209,Hauts-de-France,609.0,12056422,5.051249865009702e-05,2017
210,Normandie,259.0,1812054,0.00014293172278530332,2017
211,Nouvelle-Aquitaine,636.0,5506383,0.00011550231794628161,2017
212,Occitanie,315.0,3799770,8.28997544588225e-05,2017
213,Pays de la Loire,496.0,5149394,9.632201381366429e-05,2017
214,Provence-Alpes-Côte d'Azur,616.0,7260851,8.483854027578862e-05,2017
215,Île-de-France,1191.0,43624152,2.7301390294073795e-05,2017
216,Auvergne-Rhône-Alpes,697.0,12937987,5.3872368243993446e-05,2017
217,Bourgogne-Franche-Comté,151.0,2677676,5.639218486478573e-05,2017
218,Bretagne,247.0,956024,0.0002583617147686669,2017
219,Centre-Val de Loire,182.0,2113713,8.610440490265234e-05,2017
220,Grand Est,319.0,6147367,5.18921352832847e-05,2017
221,Hauts-de-France,569.0,12056422,4.7194764748612814e-05,2017
222,Normandie,220.0,1812054,0.00012140918537747771,2017
223,Nouvelle-Aquitaine,886.0,5506383,0.00016090417248491433,2017
224,Occitanie,368.0,3799770,9.684796711379899e-05,2017
225,Pays de la Loire,551.0,5149394,0.00010700288228090529,2017
226,Provence-Alpes-Côte d'Azur,875.0,7260851,0.00012050929016447245,2017
227,Île-de-France,1323.0,43624152,3.032723707729608e-05,2017
228,Auvergne-Rhône-Alpes,595.0,12937987,4.5988607037555375e-05,2017
229,Bourgogne-Franche-Comté,170.0,2677676,6.3487890245123e-05,2017
230,Bretagne,284.0,956024,0.00029706367204170606,2017
231,Centre-Val de Loire,148.0,2113713,7.001896662413488e-05,2017
232,Grand Est,291.0,6147367,4.7337339709830244e-05,2017
233,Hauts-de-France,497.0,12056422,4.1222843725941245e-05,2017
234,Normandie,186.0,1812054,0.00010264594763732206,2017
235,Nouvelle-Aquitaine,770.0,5506383,0.00013983771197898876,2017
236,Occitanie,321.0,3799770,8.447879740089531e-05,2017
237,Pays de la Loire,519.0,5149394,0.00010078855880905598,2017
238,Provence-Alpes-Côte d'Azur,666.0,7260851,9.172478542804418e-05,2017
239,Île-de-France,1358.0,43624152,3.112954493648381e-05,2017
240,Auvergne-Rhône-Alpes,597.0,12937987,4.6143190590622794e-05,2017
241,Bourgogne-Franche-Comté,145.0,2677676,5.41514357973108e-05,2017
242,Bretagne,167.0,956024,0.0001746818071512849,2017
243,Centre-Val de Loire,144.0,2113713,6.812656212077987e-05,2017
244,Grand Est,356.0,6147367,5.79109722910638e-05,2017
245,Hauts-de-France,602.0,12056422,4.9931895217337285e-05,2017
246,Normandie,168.0,1812054,9.271246883371026e-05,2017
247,Nouvelle-Aquitaine,618.0,5506383,0.00011223338441950007,2017
248,Occitanie,250.0,3799770,6.57934559197004e-05,2017
249,Pays de la Loire,438.0,5149394,8.505855252093742e-05,2017
250,Provence-Alpes-Côte d'Azur,642.0,7260851,8.84193877549615e-05,2017
251,Île-de-France,976.0,43624152,2.2372927730492043e-05,2017
252,Auvergne-Rhône-Alpes,666.0,12937987,5.147632317144854e-05,2017
253,Bourgogne-Franche-Comté,157.0,2677676,5.863293393226066e-05,2017
254,Bretagne,178.0,956024,0.00018618779444867493,2017
255,Centre-Val de Loire,153.0,2113713,7.238447225332862e-05,2017
256,Grand Est,364.0,6147367,5.921234245490793e-05,2017
257,Hauts-de-France,624.0,12056422,5.175664886315359e-05,2017
258,Normandie,190.0,1812054,0.00010485338737145802,2017
259,Nouvelle-Aquitaine,631.0,5506383,0.00011459428085550896,2017
260,Occitanie,279.0,3799770,7.342549680638564e-05,2017
261,Pays de la Loire,522.0,5149394,0.00010137115163454185,2017
262,Provence-Alpes-Côte d'Azur,609.0,7260851,8.387446595447283e-05,2017
263,Île-de-France,1178.0,43624152,2.7003390232089784e-05,2017
264,Auvergne-Rhône-Alpes,606.0,12937987,4.683881657942615e-05,2017
265,Bourgogne-Franche-Comté,150.0,2677676,5.6018726686873244e-05,2017
266,Bretagne,198.0,956024,0.00020710777135302043,2017
267,Centre-Val de Loire,153.0,2113713,7.238447225332862e-05,2017
268,Grand Est,350.0,6147367,5.6934944668180703e-05,2017
269,Hauts-de-France,612.0,12056422,5.0761328692708336e-05,2017
270,Normandie,133.0,1812054,7.339737116002062e-05,2017
271,Nouvelle-Aquitaine,540.0,5506383,9.806800580344666e-05,2017
272,Occitanie,230.0,3799770,6.052997944612437e-05,2017
273,Pays de la Loire,444.0,5149394,8.622373817190915e-05,2017
274,Provence-Alpes-Côte d'Azur,491.0,7260851,6.762292739514969e-05,2017
275,Île-de-France,1039.0,43624152,2.3817081877029952e-05,2017
276,Auvergne-Rhône-Alpes,588.0,12937987,4.544756460181943e-05,2017
277,Bourgogne-Franche-Comté,165.0,2677676,6.162059935556057e-05,2017
278,Bretagne,170.0,956024,0.00017781980368693673,2017
279,Centre-Val de Loire,168.0,2113713,7.948098914090986e-05,2017
280,Grand Est,299.0,6147367,4.863870987367437e-05,2017
281,Hauts-de-France,558.0,12056422,4.6282387925704656e-05,2017
282,Normandie,170.0,1812054,9.381618870077823e-05,2017
283,Nouvelle-Aquitaine,606.0,5506383,0.00011005409540164569,2017
284,Occitanie,213.0,3799770,5.605602444358474e-05,2017
285,Pays de la Loire,481.0,5149394,9.340904968623493e-05,2017
286,Provence-Alpes-Côte d'Azur,535.0,7260851,7.368282312913459e-05,2017
287,Île-de-France,1040.0,43624152,2.384000495872103e-05,2017
288,Auvergne-Rhône-Alpes,738.0,12041335,6.128888532708375e-05,2018
289,Bourgogne-Franche-Comté,126.0,2468178,5.10498027289766e-05,2018
290,Bretagne,175.0,940512,0.0001860688646184206,2018
291,Centre-Val de Loire,155.0,1993481,7.775343732897379e-05,2018
292,Grand Est,349.0,5938429,5.8769752067423893e-05,2018
293,Hauts-de-France,581.0,11416309,5.0892105320555005e-05,2018
294,Normandie,147.0,1670054,8.802110590435998e-05,2018
295,Nouvelle-Aquitaine,561.0,5504950,0.00010190828254570886,2018
296,Occitanie,232.0,3280076,7.073006844963349e-05,2018
297,Pays de la Loire,398.0,4986017,7.982323365524024e-05,2018
298,Provence-Alpes-Côte d'Azur,471.0,6786482,6.940267431638365e-05,2018
299,Île-de-France,1122.0,43011631,2.6085967304983158e-05,2018
300,Auvergne-Rhône-Alpes,568.0,10843651,5.2380881679058094e-05,2018
301,Bourgogne-Franche-Comté,142.0,2222681,6.388681056795824e-05,2018
302,Bretagne,188.0,846964,0.00022196929267359651,2018
303,Centre-Val de Loire,151.0,1795200,8.411319073083779e-05,2018
304,Grand Est,315.0,5347765,5.89031118607493e-05,2018
305,Hauts-de-France,529.0,10280793,5.145517471268996e-05,2018
306,Normandie,170.0,1503943,0.00011303619884530198,2018
307,Nouvelle-Aquitaine,524.0,4957405,0.00010570046223780385,2018
308,Occitanie,194.0,2953826,6.567753144565726e-05,2018
309,Pays de la Loire,404.0,4490084,8.99760449915859e-05,2018
310,Provence-Alpes-Côte d'Azur,532.0,6111468,8.704946176597832e-05,2018
311,Île-de-France,851.0,38733502,2.197064443075661e-05,2018
312,Auvergne-Rhône-Alpes,577.0,12033240,4.79505104194714e-05,2018
313,Bourgogne-Franche-Comté,132.0,2466520,5.351669558730519e-05,2018
314,Bretagne,210.0,939880,0.00022343277865259395,2018
315,Centre-Val de Loire,171.0,1992141,8.583729766115953e-05,2018
316,Grand Est,322.0,5934435,5.425958831801174e-05,2018
317,Hauts-de-France,535.0,11408634,4.689430829317515e-05,2018
318,Normandie,125.0,1668931,7.4898243246725e-05,2018
319,Nouvelle-Aquitaine,580.0,5501249,0.00010543060312303624,2018
320,Occitanie,217.0,3277872,6.620148681827723e-05,2018
321,Pays de la Loire,334.0,4982666,6.70323878823104e-05,2018
322,Provence-Alpes-Côte d'Azur,573.0,6781920,8.448934814919668e-05,2018
323,Île-de-France,1094.0,42982719,2.5452089245447688e-05,2018
324,Auvergne-Rhône-Alpes,364.0,10650467,3.417690510660237e-05,2018
325,Bourgogne-Franche-Comté,98.0,2183084,4.489062262377444e-05,2018
326,Bretagne,108.0,831875,0.00012982719759579265,2018
327,Centre-Val de Loire,95.0,1763217,5.387879086918967e-05,2018
328,Grand Est,261.0,5252492,4.969069919573414e-05,2018
329,Hauts-de-France,374.0,10097636,3.703837214967939e-05,2018
330,Normandie,101.0,1477149,6.837495743489655e-05,2018
331,Nouvelle-Aquitaine,490.0,4869084,0.00010063494488901814,2018
332,Occitanie,136.0,2901201,4.68771381231428e-05,2018
333,Pays de la Loire,328.0,4410092,7.437486564906129e-05,2018
334,Provence-Alpes-Côte d'Azur,451.0,6002590,7.513423372244315e-05,2018
335,Île-de-France,736.0,38043452,1.9346299068759585e-05,2018
336,Auvergne-Rhône-Alpes,386.0,10803180,3.5730220175911166e-05,2018
337,Bourgogne-Franche-Comté,95.0,2214386,4.290128279351477e-05,2018
338,Bretagne,106.0,843803,0.000125621738723375,2018
339,Centre-Val de Loire,91.0,1788500,5.088062622309198e-05,2018
340,Grand Est,271.0,5327805,5.086522498477328e-05,2018
341,Hauts-de-France,462.0,10242420,4.510652755891674e-05,2018
342,Normandie,118.0,1498330,7.875434650577644e-05,2018
343,Nouvelle-Aquitaine,449.0,4938900,9.091093158395594e-05,2018
344,Occitanie,197.0,2942801,6.694302468974287e-05,2018
345,Pays de la Loire,320.0,4473327,7.153512363393063e-05,2018
346,Provence-Alpes-Côte d'Azur,493.0,6088660,8.097019705485279e-05,2018
347,Île-de-France,866.0,38588939,2.244166391825388e-05,2018
348,Auvergne-Rhône-Alpes,436.0,11277775,3.866010804436159e-05,2018
349,Bourgogne-Franche-Comté,115.0,2311666,4.974767116010704e-05,2018
350,Bretagne,92.0,880872,0.0001044419620557811,2018
351,Centre-Val de Loire,142.0,1867070,7.605499525995275e-05,2018
352,Grand Est,275.0,5561860,4.944389107241103e-05,2018
353,Hauts-de-France,482.0,10692381,4.5078827625016355e-05,2018
354,Normandie,163.0,1564153,0.00010420975441660759,2018
355,Nouvelle-Aquitaine,577.0,5155873,0.00011191121270830371,2018
356,Occitanie,202.0,3072081,6.57534745991398e-05,2018
357,Pays de la Loire,412.0,4669845,8.82256263323515e-05,2018
358,Provence-Alpes-Côte d'Azur,558.0,6356141,8.778911606901106e-05,2018
359,Île-de-France,918.0,40284191,2.2788095707321018e-05,2018
360,Auvergne-Rhône-Alpes,509.0,11897257,4.278297089824991e-05,2018
361,Bourgogne-Franche-Comté,126.0,2438645,5.166803696314962e-05,2018
362,Bretagne,267.0,929258,0.00028732601710181673,2018
363,Centre-Val de Loire,162.0,1969629,8.224899206906479e-05,2018
364,Grand Est,326.0,5867372,5.556150181035053e-05,2018
365,Hauts-de-France,618.0,11279708,5.478865233036174e-05,2018
366,Normandie,192.0,1650070,0.0001163586999339422,2018
367,Nouvelle-Aquitaine,850.0,5439080,0.0001562764291019805,2018
368,Occitanie,295.0,3240829,9.102609239796361e-05,2018
369,Pays de la Loire,495.0,4926357,0.00010047992867751972,2018
370,Provence-Alpes-Côte d'Azur,710.0,6705280,0.0001058867042092202,2018
371,Île-de-France,1168.0,42496983,2.748430400341596e-05,2018
372,Auvergne-Rhône-Alpes,522.0,11619354,4.49250448863164e-05,2018
373,Bourgogne-Franche-Comté,109.0,2381682,4.57659754744756e-05,2018
374,Bretagne,209.0,907553,0.00023028958088398144,2018
375,Centre-Val de Loire,136.0,1923620,7.070003431031077e-05,2018
376,Grand Est,295.0,5730319,5.148055457296531e-05,2018
377,Hauts-de-France,480.0,11016231,4.357207106495861e-05,2018
378,Normandie,170.0,1611529,0.00010548987948712062,2018
379,Nouvelle-Aquitaine,798.0,5312031,0.00015022502692472992,2018
380,Occitanie,372.0,3165129,0.00011753075467066271,2018
381,Pays de la Loire,530.0,4811284,0.00011015770426356042,2018
382,Provence-Alpes-Côte d'Azur,655.0,6548654,0.0001000205538420567,2018
383,Île-de-France,986.0,41504311,2.3756568323709793e-05,2018
384,Auvergne-Rhône-Alpes,509.0,11394331,4.4671337000829626e-05,2018
385,Bourgogne-Franche-Comté,104.0,2335557,4.4528992441631694e-05,2018
386,Bretagne,181.0,889976,0.00020337627082078617,2018
387,Centre-Val de Loire,137.0,1886366,7.262641502232334e-05,2018
388,Grand Est,340.0,5619342,6.050530471361238e-05,2018
389,Hauts-de-France,605.0,10802892,5.6003522019844315e-05,2018
390,Normandie,165.0,1580317,0.00010440943177856089,2018
391,Nouvelle-Aquitaine,753.0,5209159,0.0001445530842886539,2018
392,Occitanie,243.0,3103831,7.829034506066858e-05,2018
393,Pays de la Loire,384.0,4718109,8.138853934913331e-05,2018
394,Provence-Alpes-Côte d'Azur,549.0,6421833,8.548961020942152e-05,2018
395,Île-de-France,949.0,40700536,2.3316646247607157e-05,2018
396,Auvergne-Rhône-Alpes,645.0,11376255,5.669704133741728e-05,2018
397,Bourgogne-Franche-Comté,154.0,2331853,6.604189886755297e-05,2018
398,Bretagne,188.0,888564,0.00021157733151466862,2018
399,Centre-Val de Loire,166.0,1883374,8.813968972705369e-05,2018
400,Grand Est,385.0,5610430,6.862219116894784e-05,2018
401,Hauts-de-France,551.0,10785752,5.108591408369115e-05,2018
402,Normandie,205.0,1577812,0.0001299267593350792,2018
403,Nouvelle-Aquitaine,774.0,5200894,0.000148820568156167,2018
404,Occitanie,248.0,3098907,8.002821640016949e-05,2018
405,Pays de la Loire,468.0,4710622,9.934993722697343e-05,2018
406,Provence-Alpes-Côte d'Azur,577.0,6411644,8.99925198591812e-05,2018
407,Île-de-France,1072.0,40635962,2.638057393596342e-05,2018
408,Auvergne-Rhône-Alpes,532.0,12039988,4.418609055092081e-05,2018
409,Bourgogne-Franche-Comté,122.0,2467902,4.94347020262555e-05,2018
410,Bretagne,180.0,940408,0.0001914062832302575,2018
411,Centre-Val de Loire,145.0,1993258,7.274522415061171e-05,2018
412,Grand Est,391.0,5937761,6.58497369631415e-05,2018
413,Hauts-de-France,371.0,11415031,3.2501006786578155e-05,2018
414,Normandie,165.0,1669865,9.881038287526238e-05,2018
415,Nouvelle-Aquitaine,641.0,5504336,0.00011645364672505458,2018
416,Occitanie,234.0,3279707,7.134783686469554e-05,2018
417,Pays de la Loire,406.0,4985458,8.143685093726595e-05,2018
418,Provence-Alpes-Côte d'Azur,538.0,6785723,7.928410870882881e-05,2018
419,Île-de-France,893.0,43006813,2.076415194959924e-05,2018
420,Auvergne-Rhône-Alpes,555.0,11378143,4.8777731128884564e-05,2018
421,Bourgogne-Franche-Comté,120.0,2332240,5.145268068466367e-05,2018
422,Bretagne,175.0,888711,0.0001969144074958001,2018
423,Centre-Val de Loire,165.0,1883687,8.759417036906875e-05,2018
424,Grand Est,376.0,5611360,6.700692880157396e-05,2018
425,Hauts-de-France,416.0,10787543,3.856299808028575e-05,2018
426,Normandie,166.0,1578072,0.00010519165158497204,2018
427,Nouvelle-Aquitaine,659.0,5201756,0.00012668798767185544,2018
428,Occitanie,200.0,3099422,6.452816041184454e-05,2018
429,Pays de la Loire,421.0,4711405,8.935763323254953e-05,2018
430,Provence-Alpes-Côte d'Azur,487.0,6412708,7.594295576845227e-05,2018
431,Île-de-France,905.0,40642709,2.226721648894024e-05,2018
432,Auvergne-Rhône-Alpes,649.0,11732889,5.5314594725987776e-05,2019
433,Bourgogne-Franche-Comté,122.0,2454322,4.970822899358764e-05,2019
434,Bretagne,133.0,971899,0.0001368454952623678,2019
435,Centre-Val de Loire,170.0,1893410,8.978509673023803e-05,2019
436,Grand Est,347.0,5788387,5.994761580385002e-05,2019
437,Hauts-de-France,398.0,11250590,3.537592250717518e-05,2019
438,Normandie,173.0,1689293,0.00010240970630908907,2019
439,Nouvelle-Aquitaine,545.0,5542045,9.833915098127136e-05,2019
440,Occitanie,192.0,2952723,6.502472463553134e-05,2019
441,Pays de la Loire,361.0,4866176,7.418556172238735e-05,2019
442,Provence-Alpes-Côte d'Azur,440.0,6757639,6.511149826144901e-05,2019
443,Île-de-France,951.0,40032676,2.3755594055216293e-05,2019
444,Auvergne-Rhône-Alpes,589.0,10530555,5.5932474594169065e-05,2019
445,Bourgogne-Franche-Comté,97.0,2202812,4.403462483407572e-05,2019
446,Bretagne,157.0,872304,0.0001799831251490306,2019
447,Centre-Val de Loire,129.0,1699381,7.590999310925566e-05,2019
448,Grand Est,311.0,5195219,5.986273148446678e-05,2019
449,Hauts-de-France,355.0,10097677,3.515660086968518e-05,2019
450,Normandie,125.0,1516182,8.244392823552845e-05,2019
451,Nouvelle-Aquitaine,630.0,4974121,0.00012665554376341067,2019
452,Occitanie,155.0,2650140,5.8487476133336355e-05,2019
453,Pays de la Loire,368.0,4367510,8.425853632848007e-05,2019
454,Provence-Alpes-Côte d'Azur,439.0,6065143,7.238081608298436e-05,2019
455,Île-de-France,909.0,35930304,2.529897882300133e-05,2019
456,Auvergne-Rhône-Alpes,640.0,11666524,5.4857813689835976e-05,2019
457,Bourgogne-Franche-Comté,92.0,2440438,3.769815090569808e-05,2019
458,Bretagne,187.0,966402,0.00019350125517124343,2019
459,Centre-Val de Loire,157.0,1882700,8.339087480745738e-05,2019
460,Grand Est,351.0,5755648,6.098357648000712e-05,2019
461,Hauts-de-France,366.0,11186952,3.271668636819037e-05,2019
462,Normandie,159.0,1679737,9.465767557659324e-05,2019
463,Nouvelle-Aquitaine,688.0,5510699,0.00012484804559276418,2019
464,Occitanie,169.0,2936021,5.756089619249998e-05,2019
465,Pays de la Loire,330.0,4838649,6.820085523872469e-05,2019
466,Provence-Alpes-Côte d'Azur,486.0,6719412,7.232775725018796e-05,2019
467,Île-de-France,913.0,39806237,2.2936104208996194e-05,2019
468,Auvergne-Rhône-Alpes,597.0,11033322,5.410881690935876e-05,2019
469,Bourgogne-Franche-Comté,122.0,2307984,5.285998516454187e-05,2019
470,Bretagne,215.0,913950,0.00023524262815252477,2019
471,Centre-Val de Loire,187.0,1780516,0.0001050257341130324,2019
472,Grand Est,372.0,5443258,6.834142346366827e-05,2019
473,Hauts-de-France,458.0,10579779,4.329012921725492e-05,2019
474,Normandie,184.0,1588568,0.00011582758811709665,2019
475,Nouvelle-Aquitaine,683.0,5211605,0.00013105367732205338,2019
476,Occitanie,221.0,2776669,7.959176985085367e-05,2019
477,Pays de la Loire,423.0,4576032,9.243816476807855e-05,2019
478,Provence-Alpes-Côte d'Azur,476.0,6354717,7.490498790111345e-05,2019
479,Île-de-France,914.0,37645751,2.4278968428601678e-05,2019
480,Auvergne-Rhône-Alpes,530.0,11683187,4.5364334235170595e-05,2019
481,Bourgogne-Franche-Comté,121.0,2443924,4.951054124432675e-05,2019
482,Bretagne,173.0,967783,0.00017875908132298251,2019
483,Centre-Val de Loire,159.0,1885388,8.433277394361267e-05,2019
484,Grand Est,387.0,5763866,6.7142435302972e-05,2019
485,Hauts-de-France,388.0,11202933,3.463378741977659e-05,2019
486,Normandie,125.0,1682137,7.431023751335355e-05,2019
487,Nouvelle-Aquitaine,690.0,5518570,0.00012503239063742962,2019
488,Occitanie,234.0,2940215,7.958601666884905e-05,2019
489,Pays de la Loire,386.0,4845559,7.966057166985275e-05,2019
490,Provence-Alpes-Côte d'Azur,493.0,6729011,7.326485273987514e-05,2019
491,Île-de-France,997.0,39863092,2.501060379360437e-05,2019
492,Auvergne-Rhône-Alpes,540.0,11548731,4.6758384102980666e-05,2019
493,Bourgogne-Franche-Comté,109.0,2415798,4.511966646217937e-05,2019
494,Bretagne,195.0,956645,0.0002038373691390223,2019
495,Centre-Val de Loire,149.0,1863690,7.994891854331998e-05,2019
496,Grand Est,328.0,5697534,5.75687657151322e-05,2019
497,Hauts-de-France,393.0,11074001,3.548852849119302e-05,2019
498,Normandie,126.0,1662779,7.577675686305877e-05,2019
499,Nouvelle-Aquitaine,742.0,5455057,0.0001360205768702325,2019
500,Occitanie,229.0,2906378,7.87922286777563e-05,2019
501,Pays de la Loire,354.0,4789796,7.390711420695162e-05,2019
502,Provence-Alpes-Côte d'Azur,472.0,6651570,7.096069048360012e-05,2019
503,Île-de-France,967.0,39404329,2.4540450872796237e-05,2019
504,Auvergne-Rhône-Alpes,593.0,12160385,4.876490341383106e-05,2019
505,Bourgogne-Franche-Comté,131.0,2543746,5.1498852479768024e-05,2019
506,Bretagne,242.0,1007312,0.00024024334069285385,2019
507,Centre-Val de Loire,182.0,1962396,9.274376833218168e-05,2019
508,Grand Est,364.0,5999291,6.067383629165513e-05,2019
509,Hauts-de-France,405.0,11660515,3.4732599717936985e-05,2019
510,Normandie,215.0,1750844,0.00012279791917498074,2019
511,Nouvelle-Aquitaine,910.0,5743974,0.00015842690095742076,2019
512,Occitanie,309.0,3060306,0.00010097029512735001,2019
513,Pays de la Loire,563.0,5043477,0.00011162933825216214,2019
514,Provence-Alpes-Côte d'Azur,704.0,7003857,0.00010051604423105726,2019
515,Île-de-France,1140.0,41491297,2.7475641458014676e-05,2019
516,Auvergne-Rhône-Alpes,517.0,10798600,4.787657659326209e-05,2019
517,Bourgogne-Franche-Comté,132.0,2258885,5.8435909751935134e-05,2019
518,Bretagne,199.0,894507,0.0002224689130437213,2019
519,Centre-Val de Loire,120.0,1742638,6.886111745526035e-05,2019
520,Grand Est,275.0,5327459,5.1619355493866774e-05,2019
521,Hauts-de-France,337.0,10354707,3.25455853072424e-05,2019
522,Normandie,174.0,1554776,0.00011191322737165996,2019
523,Nouvelle-Aquitaine,694.0,5100734,0.00013605884956949333,2019
524,Occitanie,279.0,2717596,0.00010266426650613262,2019
525,Pays de la Loire,418.0,4478682,9.333102908400284e-05,2019
526,Provence-Alpes-Côte d'Azur,583.0,6219528,9.373701669965952e-05,2019
527,Île-de-France,1140.0,36844881,3.0940526039424583e-05,2019
528,Auvergne-Rhône-Alpes,620.0,11184154,5.543557429556138e-05,2019
529,Bourgogne-Franche-Comté,124.0,2339535,5.300198543727706e-05,2019
530,Bretagne,163.0,926445,0.0001759413672695087,2019
531,Centre-Val de Loire,133.0,1804857,7.36900485744854e-05,2019
532,Grand Est,329.0,5517672,5.962659614417095e-05,2019
533,Hauts-de-France,458.0,10724411,4.270630806670875e-05,2019
534,Normandie,132.0,1610287,8.197296506771774e-05,2019
535,Nouvelle-Aquitaine,795.0,5282851,0.00015048692457917136,2019
536,Occitanie,255.0,2814626,9.059818249387307e-05,2019
537,Pays de la Loire,378.0,4638587,8.149033315533373e-05,2019
538,Provence-Alpes-Côte d'Azur,485.0,6441590,7.529196983974453e-05,2019
539,Île-de-France,906.0,38160387,2.3741897586101526e-05,2019
540,Auvergne-Rhône-Alpes,544.0,11244484,4.837927645234766e-05,2019
541,Bourgogne-Franche-Comté,116.0,2352157,4.93164359351863e-05,2019
542,Bretagne,151.0,931442,0.00016211422718752215,2019
543,Centre-Val de Loire,161.0,1814593,8.872513009804402e-05,2019
544,Grand Est,376.0,5547434,6.777908488861697e-05,2019
545,Hauts-de-France,484.0,10782262,4.488854008555904e-05,2019
546,Normandie,170.0,1618973,0.00010500483948774933,2019
547,Nouvelle-Aquitaine,722.0,5311347,0.00013593538512923369,2019
548,Occitanie,206.0,2829810,7.279640682589997e-05,2019
549,Pays de la Loire,326.0,4663612,6.990289929779751e-05,2019
550,Provence-Alpes-Côte d'Azur,464.0,6476338,7.164542678285166e-05,2019
551,Île-de-France,980.0,38366239,2.554329080835888e-05,2019
552,Auvergne-Rhône-Alpes,518.0,10475681,4.944785928475676e-05,2019
553,Bourgogne-Franche-Comté,103.0,2191334,4.700333221681405e-05,2019
554,Bretagne,140.0,867757,0.00016133548908277317,2019
555,Centre-Val de Loire,167.0,1690525,9.878588012599636e-05,2019
556,Grand Est,362.0,5168149,7.004442015893891e-05,2019
557,Hauts-de-France,387.0,10045062,3.8526392370699154e-05,2019
558,Normandie,167.0,1508280,0.00011072214708144376,2019
559,Nouvelle-Aquitaine,605.0,4948202,0.00012226663341553153,2019
560,Occitanie,207.0,2636331,7.851821338064151e-05,2019
561,Pays de la Loire,265.0,4344751,6.099313861714975e-05,2019
562,Provence-Alpes-Côte d'Azur,415.0,6033538,6.878219711220845e-05,2019
563,Île-de-France,1057.0,35743074,2.957216270766191e-05,2019
564,Auvergne-Rhône-Alpes,369.0,4572606,8.069796523033036e-05,2019
565,Bourgogne-Franche-Comté,57.0,956511,5.959157814180914e-05,2019
566,Bretagne,42.0,378774,0.0001108840627920607,2019
567,Centre-Val de Loire,60.0,737910,8.131072895068504e-05,2019
568,Grand Est,231.0,2255883,0.00010239892760395818,2019
569,Hauts-de-France,175.0,4384639,3.991206573676875e-05,2019
570,Normandie,89.0,658361,0.000135184192259262,2019
571,Nouvelle-Aquitaine,257.0,2159876,0.00011898831229200194,2019
572,Occitanie,81.0,1150751,7.038881565169181e-05,2019
573,Pays de la Loire,168.0,1896472,8.858554199587444e-05,2019
574,Provence-Alpes-Côte d'Azur,222.0,2633624,8.429449306355045e-05,2019
575,Île-de-France,625.0,15601756,4.0059593291934573e-05,2019
576,Auvergne-Rhône-Alpes,487.0,4636702,0.00010503155044253437,2020
577,Bourgogne-Franche-Comté,110.0,1054162,0.00010434828802404184,2020
578,Bretagne,106.0,426535,0.0002485141899257974,2020
579,Centre-Val de Loire,101.0,773435,0.00013058628068292745,2020
580,Grand Est,231.0,2397042,9.636877451458923e-05,2020
581,Hauts-de-France,292.0,4460537,6.546297004149948e-05,2020
582,Normandie,64.0,663262,9.649278867174661e-05,2020
583,Nouvelle-Aquitaine,420.0,2290824,0.00018334014311007743,2020
584,Occitanie,195.0,1380500,0.00014125316914161536,2020
585,Pays de la Loire,242.0,1875805,0.0001290112778247206,2020
586,Provence-Alpes-Côte d'Azur,328.0,2558153,0.0001282175069278499,2020
587,Île-de-France,768.0,12744584,6.0260891999299466e-05,2020
588,Auvergne-Rhône-Alpes,667.0,5677222,0.00011748703855512433,2020
589,Bourgogne-Franche-Comté,84.0,1290727,6.507960242560975e-05,2020
590,Bretagne,151.0,522253,0.0002891318958435854,2020
591,Centre-Val de Loire,128.0,947003,0.00013516324657894432,2020
592,Grand Est,277.0,2934961,9.437944831294181e-05,2020
593,Hauts-de-France,298.0,5461523,5.456353475028852e-05,2020
594,Normandie,88.0,812104,0.00010836050555101317,2020
595,Nouvelle-Aquitaine,615.0,2804905,0.0002192587627744968,2020
596,Occitanie,223.0,1690297,0.00013192947748235962,2020
597,Pays de la Loire,350.0,2296756,0.0001523888475745791,2020
598,Provence-Alpes-Côte d'Azur,372.0,3132227,0.00011876533852750775,2020
599,Île-de-France,1012.0,15604593,6.48527007400962e-05,2020
600,Auvergne-Rhône-Alpes,324.0,3497948,9.262573371588143e-05,2020
601,Bourgogne-Franche-Comté,32.0,795265,4.023815960717497e-05,2020
602,Bretagne,80.0,321780,0.0002486170675616881,2020
603,Centre-Val de Loire,79.0,583484,0.00013539360119557692,2020
604,Grand Est,135.0,1808338,7.465418522422247e-05,2020
605,Hauts-de-France,140.0,3365046,4.160418609433571e-05,2020
606,Normandie,35.0,500367,6.994865768525902e-05,2020
607,Nouvelle-Aquitaine,304.0,1728204,0.0001759051593446144,2020
608,Occitanie,119.0,1041454,0.00011426332800104469,2020
609,Pays de la Loire,182.0,1415114,0.00012861154649024742,2020
610,Provence-Alpes-Côte d'Azur,180.0,1929880,9.327004787862457e-05,2020
611,Île-de-France,426.0,9614566,4.430777218649287e-05,2020
612,Auvergne-Rhône-Alpes,3.0,0,inf,2020
613,Bourgogne-Franche-Comté,2.0,0,inf,2020
614,Bretagne,0.0,0,,2020
615,Centre-Val de Loire,0.0,0,,2020
616,Grand Est,1.0,0,inf,2020
617,Hauts-de-France,2.0,0,inf,2020
618,Normandie,1.0,0,inf,2020
619,Nouvelle-Aquitaine,2.0,0,inf,2020
620,Occitanie,0.0,0,,2020
621,Pays de la Loire,1.0,0,inf,2020
622,Provence-Alpes-Côte d'Azur,0.0,0,,2020
623,Île-de-France,1.0,0,inf,2020
624,Auvergne-Rhône-Alpes,60.0,1704483,3.520128977525737e-05,2020
625,Bourgogne-Franche-Comté,13.0,387517,3.354691536113254e-05,2020
626,Bretagne,54.0,156798,0.0003443921478590288,2020
627,Centre-Val de Loire,19.0,284320,6.682611142374789e-05,2020
628,Grand Est,44.0,881169,4.9933667661935454e-05,2020
629,Hauts-de-France,65.0,1639724,3.96408176010109e-05,2020
630,Normandie,17.0,243819,6.97238525299505e-05,2020
631,Nouvelle-Aquitaine,77.0,842123,9.143557413821971e-05,2020
632,Occitanie,40.0,507483,7.882037427854726e-05,2020
633,Pays de la Loire,32.0,689560,4.640640408376356e-05,2020
634,Provence-Alpes-Côte d'Azur,49.0,940395,5.210576406722707e-05,2020
635,Île-de-France,237.0,4684998,5.05870013178234e-05,2020
636,Auvergne-Rhône-Alpes,291.0,3687470,7.891589626491877e-05,2020
637,Bourgogne-Franche-Comté,54.0,838353,6.44120078296374e-05,2020
638,Bretagne,116.0,339213,0.00034196802598957,2020
639,Centre-Val de Loire,83.0,615098,0.00013493784730238107,2020
640,Grand Est,128.0,1906316,6.714521621808766e-05,2020
641,Hauts-de-France,170.0,3547369,4.7922840843453275e-05,2020
642,Normandie,65.0,527478,0.00012322788817732683,2020
643,Nouvelle-Aquitaine,323.0,1821844,0.00017729289664757247,2020
644,Occitanie,113.0,1097884,0.00010292526350689143,2020
645,Pays de la Loire,164.0,1491788,0.00010993519186372327,2020
646,Provence-Alpes-Côte d'Azur,206.0,2034445,0.00010125611653301023,2020
647,Île-de-France,422.0,10135502,4.163582622745277e-05,2020
648,Auvergne-Rhône-Alpes,358.0,5497128,6.512491613802698e-05,2020
649,Bourgogne-Franche-Comté,77.0,1249782,6.161074491391298e-05,2020
650,Bretagne,143.0,505685,0.00028278473753423573,2020
651,Centre-Val de Loire,96.0,916962,0.0001046935423714396,2020
652,Grand Est,197.0,2841858,6.932084572839318e-05,2020
653,Hauts-de-France,262.0,5288273,4.954358445564365e-05,2020
654,Normandie,124.0,786343,0.00015769199954727135,2020
655,Nouvelle-Aquitaine,722.0,2715926,0.0002658393490838852,2020
656,Occitanie,235.0,1636678,0.0001435835271201788,2020
657,Pays de la Loire,262.0,2223898,0.00011781115860529574,2020
658,Provence-Alpes-Côte d'Azur,456.0,3032866,0.0001503528345795693,2020
659,Île-de-France,749.0,15109583,4.957118935711197e-05,2020
660,Auvergne-Rhône-Alpes,378.0,5560662,6.797751778475297e-05,2020
661,Bourgogne-Franche-Comté,103.0,1264227,8.147271020156982e-05,2020
662,Bretagne,161.0,511530,0.00031474204836470977,2020
663,Centre-Val de Loire,111.0,927560,0.00011966880848678252,2020
664,Grand Est,228.0,2874702,7.931256874625613e-05,2020
665,Hauts-de-France,282.0,5349389,5.271630087099667e-05,2020
666,Normandie,117.0,795431,0.00014709006815173158,2020
667,Nouvelle-Aquitaine,578.0,2747318,0.00021038700288790742,2020
668,Occitanie,240.0,1655593,0.00014496316425594938,2020
669,Pays de la Loire,229.0,2249597,0.00010179601057433843,2020
670,Provence-Alpes-Côte d'Azur,495.0,3067917,0.0001613472593945664,2020
671,Île-de-France,771.0,15284205,5.0444233115166934e-05,2020
672,Auvergne-Rhône-Alpes,376.0,5647504,6.657808476098467e-05,2020
673,Bourgogne-Franche-Comté,102.0,1283972,7.944098469437028e-05,2020
674,Bretagne,135.0,519519,0.00025985575118523096,2020
675,Centre-Val de Loire,86.0,942046,9.129065884256183e-05,2020
676,Grand Est,286.0,2919598,9.795869157329195e-05,2020
677,Hauts-de-France,257.0,5432934,4.730409020245783e-05,2020
678,Normandie,111.0,807856,0.00013740072488166208,2020
679,Nouvelle-Aquitaine,566.0,2790224,0.00020285109725957486,2020
680,Occitanie,189.0,1681449,0.00011240305236733318,2020
681,Pays de la Loire,309.0,2284731,0.00013524568100139577,2020
682,Provence-Alpes-Côte d'Azur,304.0,3115830,9.756629854645472e-05,2020
683,Île-de-France,682.0,15522906,4.393507246645699e-05,2020
684,Auvergne-Rhône-Alpes,313.0,3865077,8.098156906059051e-05,2020
685,Bourgogne-Franche-Comté,96.0,878733,0.00010924820167218029,2020
686,Bretagne,156.0,355551,0.00043875562155640117,2020
687,Centre-Val de Loire,91.0,644723,0.00014114588745864503,2020
688,Grand Est,230.0,1998131,0.00011510756802231685,2020
689,Hauts-de-France,241.0,3718224,6.481589059723136e-05,2020
690,Normandie,88.0,552883,0.00015916568243190692,2020
691,Nouvelle-Aquitaine,513.0,1909589,0.00026864419516450924,2020
692,Occitanie,220.0,1150759,0.0001911781702337327,2020
693,Pays de la Loire,263.0,1563640,0.00016819728326213196,2020
694,Provence-Alpes-Côte d'Azur,354.0,2132431,0.0001660077160761591,2020
695,Île-de-France,675.0,10623665,6.353739505151941e-05,2020
696,Auvergne-Rhône-Alpes,190.0,1346789,0.00014107629331691897,2020
697,Bourgogne-Franche-Comté,53.0,306195,0.00017309231045575533,2020
698,Bretagne,48.0,123891,0.0003874373441170061,2020
699,Centre-Val de Loire,48.0,224654,0.00021366189785180766,2020
700,Grand Est,121.0,696250,0.00017378815080789945,2020
701,Hauts-de-France,118.0,1295618,9.107622771526793e-05,2020
702,Normandie,34.0,192652,0.00017648402300521148,2020
703,Nouvelle-Aquitaine,183.0,665397,0.0002750237827943318,2020
704,Occitanie,47.0,400984,0.00011721165931807752,2020
705,Pays de la Loire,121.0,544852,0.00022207865622224016,2020
706,Provence-Alpes-Côte d'Azur,115.0,743048,0.0001547679288552018,2020
707,Île-de-France,265.0,3701824,7.158633149496032e-05,2020
708,Auvergne-Rhône-Alpes,291.0,4194832,6.937107374025945e-05,2020
709,Bourgogne-Franche-Comté,86.0,953703,9.01748238183166e-05,2020
710,Bretagne,110.0,385886,0.00028505828146136423,2020
711,Centre-Val de Loire,71.0,699728,0.00010146799899389476,2020
712,Grand Est,182.0,2168608,8.392480337617494e-05,2020
713,Hauts-de-France,186.0,4035452,4.609149111425436e-05,2020
714,Normandie,70.0,600054,0.00011665616761158163,2020
715,Nouvelle-Aquitaine,343.0,2072510,0.00016549980458477884,2020
716,Occitanie,135.0,1248941,0.00010809157518249462,2020
717,Pays de la Loire,208.0,1697043,0.00012256613415216939,2020
718,Provence-Alpes-Côte d'Azur,269.0,2314364,0.00011623063614885126,2020
719,Île-de-France,536.0,11530044,4.648724670955288e-05,2020
720,Auvergne-Rhône-Alpes,285.0,6978056,4.0842320554607184e-05,2021
721,Bourgogne-Franche-Comté,66.0,1462531,4.512724858481632e-05,2021
722,Bretagne,87.0,666034,0.00013062396214007092,2021
723,Centre-Val de Loire,95.0,1154464,8.228927017213183e-05,2021
724,Grand Est,154.0,3404251,4.5237557395150944e-05,2021
725,Hauts-de-France,207.0,6142245,3.3701032765707e-05,2021
726,Normandie,48.0,952642,5.0386189145555204e-05,2021
727,Nouvelle-Aquitaine,316.0,3755766,8.413729715855567e-05,2021
728,Occitanie,148.0,2221523,6.662096228578323e-05,2021
729,Pays de la Loire,164.0,2943322,5.5719353845756596e-05,2021
730,Provence-Alpes-Côte d'Azur,244.0,4054459,6.0180655421598786e-05,2021
731,Île-de-France,502.0,20973164,2.3935349001228427e-05,2021
732,Auvergne-Rhône-Alpes,289.0,6114380,4.7265626277725625e-05,2021
733,Bourgogne-Franche-Comté,81.0,1281513,6.320653789700144e-05,2021
734,Bretagne,67.0,583599,0.00011480485744492365,2021
735,Centre-Val de Loire,90.0,1011576,8.897008232698285e-05,2021
736,Grand Est,168.0,2982906,5.6320916582688156e-05,2021
737,Hauts-de-France,180.0,5382015,3.3444722840794755e-05,2021
738,Normandie,66.0,834732,7.906729345466569e-05,2021
739,Nouvelle-Aquitaine,309.0,3290915,9.389485902856804e-05,2021
740,Occitanie,146.0,1946563,7.500399421955518e-05,2021
741,Pays de la Loire,200.0,2579026,7.754865596546913e-05,2021
742,Provence-Alpes-Côte d'Azur,277.0,3552636,7.797027334069688e-05,2021
743,Île-de-France,508.0,18377302,2.7642795444075524e-05,2021
744,Auvergne-Rhône-Alpes,338.0,6401027,5.280402660385591e-05,2021
745,Bourgogne-Franche-Comté,72.0,1341591,5.366762299389307e-05,2021
746,Bretagne,99.0,610960,0.00016204006808956398,2021
747,Centre-Val de Loire,101.0,1058998,9.537317350929841e-05,2021
748,Grand Est,219.0,3122750,7.013049395564807e-05,2021
749,Hauts-de-France,222.0,5634328,3.940132700829629e-05,2021
750,Normandie,59.0,873864,6.751622678128404e-05,2021
751,Nouvelle-Aquitaine,402.0,3445195,0.00011668425154454248,2021
752,Occitanie,115.0,2037820,5.6432854717295933e-05,2021
753,Pays de la Loire,228.0,2699932,8.444657124697955e-05,2021
754,Provence-Alpes-Côte d'Azur,283.0,3719188,7.609187811963256e-05,2021
755,Île-de-France,563.0,19238845,2.9263710997203835e-05,2021
756,Auvergne-Rhône-Alpes,241.0,6936976,3.474136280707905e-05,2021
757,Bourgogne-Franche-Comté,49.0,1453921,3.3701968676427396e-05,2021
758,Bretagne,82.0,662112,0.0001238461166690832,2021
759,Centre-Val de Loire,53.0,1147667,4.618064299139036e-05,2021
760,Grand Est,105.0,3384210,3.10264433944702e-05,2021
761,Hauts-de-France,143.0,6106080,2.3419280454890862e-05,2021
762,Normandie,74.0,947033,7.813877657906324e-05,2021
763,Nouvelle-Aquitaine,289.0,3733655,7.740404509790004e-05,2021
764,Occitanie,133.0,2208443,6.022342437635927e-05,2021
765,Pays de la Loire,152.0,2925994,5.194815847195859e-05,2021
766,Provence-Alpes-Côte d'Azur,256.0,4030589,6.351429034317317e-05,2021
767,Île-de-France,392.0,20849685,1.8801243280174257e-05,2021
768,Auvergne-Rhône-Alpes,306.0,7164801,4.2708792609871506e-05,2021
769,Bourgogne-Franche-Comté,70.0,1501671,4.661473784870321e-05,2021
770,Bretagne,96.0,683859,0.00014037981513733094,2021
771,Centre-Val de Loire,91.0,1185359,7.676999120097793e-05,2021
772,Grand Est,182.0,3495355,5.206910313830784e-05,2021
773,Hauts-de-France,197.0,6306618,3.123702751617428e-05,2021
774,Normandie,62.0,978137,6.338580382911596e-05,2021
775,Nouvelle-Aquitaine,389.0,3856277,0.00010087449630822683,2021
776,Occitanie,184.0,2280973,8.066732924940365e-05,2021
777,Pays de la Loire,202.0,3022087,6.68412259474992e-05,2021
778,Provence-Alpes-Côte d'Azur,375.0,4162961,9.008011364987565e-05,2021
779,Île-de-France,575.0,21534431,2.6701425266356005e-05,2021
780,Auvergne-Rhône-Alpes,405.0,7433476,5.44832592450692e-05,2021
781,Bourgogne-Franche-Comté,81.0,1557981,5.199036445245481e-05,2021
782,Bretagne,119.0,709503,0.00016772303993076843,2021
783,Centre-Val de Loire,108.0,1229809,8.781851490759947e-05,2021
784,Grand Est,290.0,3626428,7.996849792688563e-05,2021
785,Hauts-de-France,290.0,6543110,4.43214312459977e-05,2021
786,Normandie,77.0,1014816,7.587582379465834e-05,2021
787,Nouvelle-Aquitaine,530.0,4000883,0.0001324707570803745,2021
788,Occitanie,246.0,2366509,0.00010395058713066378,2021
789,Pays de la Loire,265.0,3135414,8.451834430796061e-05,2021
790,Provence-Alpes-Côte d'Azur,376.0,4319070,8.705577821151313e-05,2021
791,Île-de-France,698.0,22341955,3.1241670659528226e-05,2021
792,Auvergne-Rhône-Alpes,424.0,8409665,5.04181795588766e-05,2021
793,Bourgogne-Franche-Comté,80.0,1762581,4.5387985006079154e-05,2021
794,Bretagne,229.0,802677,0.00028529533050031334,2021
795,Centre-Val de Loire,143.0,1391311,0.00010278075857949805,2021
796,Grand Est,293.0,4102663,7.141702840325906e-05,2021
797,Hauts-de-France,279.0,7402376,3.769060096379865e-05,2021
798,Normandie,95.0,1148084,8.274655861417805e-05,2021
799,Nouvelle-Aquitaine,778.0,4526296,0.00017188447242513525,2021
800,Occitanie,283.0,2677285,0.00010570409948884784,2021
801,Pays de la Loire,306.0,3547169,8.626597717785648e-05,2021
802,Provence-Alpes-Côte d'Azur,525.0,4886265,0.00010744402933528984,2021
803,Île-de-France,823.0,25275979,3.256055878191701e-05,2021
804,Auvergne-Rhône-Alpes,431.0,8508171,5.065718589812076e-05,2021
805,Bourgogne-Franche-Comté,81.0,1783227,4.5423269163151974e-05,2021
806,Bretagne,173.0,812080,0.0002130331986996355,2021
807,Centre-Val de Loire,123.0,1407609,8.73822204887863e-05,2021
808,Grand Est,213.0,4150720,5.131639811888058e-05,2021
809,Hauts-de-France,285.0,7489082,3.8055398512127385e-05,2021
810,Normandie,135.0,1161532,0.00011622581211710052,2021
811,Nouvelle-Aquitaine,795.0,4579311,0.00017360690287250636,2021
812,Occitanie,327.0,2708647,0.00012072447978640259,2021
813,Pays de la Loire,200.0,3588718,5.573020783466408e-05,2021
814,Provence-Alpes-Côte d'Azur,524.0,4943501,0.00010599775341402783,2021
815,Île-de-France,809.0,25572049,3.1636103935198935e-05,2021
816,Auvergne-Rhône-Alpes,423.0,7930905,5.333565337121047e-05,2021
817,Bourgogne-Franche-Comté,109.0,1662237,6.55742833302351e-05,2021
818,Bretagne,139.0,756981,0.00018362415965526214,2021
819,Centre-Val de Loire,140.0,1312104,0.00010669885923676782,2021
820,Grand Est,284.0,3869100,7.340208317179706e-05,2021
821,Hauts-de-France,317.0,6980963,4.5409207870031685e-05,2021
822,Normandie,90.0,1082725,8.312360017548316e-05,2021
823,Nouvelle-Aquitaine,668.0,4268614,0.00015649107649461864,2021
824,Occitanie,216.0,2524870,8.55489589563027e-05,2021
825,Pays de la Loire,230.0,3345230,6.875461477985071e-05,2021
826,Provence-Alpes-Côte d'Azur,354.0,4608093,7.682136623544707e-05,2021
827,Île-de-France,749.0,23837031,3.142169844893855e-05,2021
828,Auvergne-Rhône-Alpes,490.0,8148226,6.0135789066233556e-05,2021
829,Bourgogne-Franche-Comté,113.0,1707787,6.616750215337158e-05,2021
830,Bretagne,155.0,777724,0.00019929949442218576,2021
831,Centre-Val de Loire,127.0,1348058,9.420959632300688e-05,2021
832,Grand Est,261.0,3975120,6.565839521825756e-05,2021
833,Hauts-de-France,327.0,7172251,4.5592380969377674e-05,2021
834,Normandie,103.0,1112392,9.259325849161087e-05,2021
835,Nouvelle-Aquitaine,610.0,4385581,0.00013909217501626353,2021
836,Occitanie,271.0,2594054,0.00010446968336048517,2021
837,Pays de la Loire,309.0,3436895,8.990673267586005e-05,2021
838,Provence-Alpes-Côte d'Azur,356.0,4734362,7.519492594778347e-05,2021
839,Île-de-France,704.0,24490204,2.8746187659359635e-05,2021
840,Auvergne-Rhône-Alpes,426.0,7784312,5.4725452936624325e-05,2021
841,Bourgogne-Franche-Comté,98.0,1631515,6.0066870362822284e-05,2021
842,Bretagne,168.0,742989,0.00022611371097014895,2021
843,Centre-Val de Loire,146.0,1287853,0.00011336697588932898,2021
844,Grand Est,211.0,3797585,5.5561626665367593e-05,2021
845,Hauts-de-France,328.0,6851925,4.7869759228246073e-05,2021
846,Normandie,110.0,1062712,0.0001035087587229654,2021
847,Nouvelle-Aquitaine,515.0,4189712,0.0001229201434370668,2021
848,Occitanie,192.0,2478201,7.747555585684939e-05,2021
849,Pays de la Loire,264.0,3283397,8.040453225729329e-05,2021
850,Provence-Alpes-Côte d'Azur,277.0,4522918,6.124364845880469e-05,2021
851,Île-de-France,729.0,23396435,3.1158593178832587e-05,2021
852,Auvergne-Rhône-Alpes,496.0,8656162,5.730022150694499e-05,2021
853,Bourgogne-Franche-Comté,117.0,1814245,6.448963618474903e-05,2021
854,Bretagne,183.0,826205,0.00022149466536755405,2021
855,Centre-Val de Loire,174.0,1432094,0.0001215004043030695,2021
856,Grand Est,236.0,4222918,5.588552749544272e-05,2021
857,Hauts-de-France,270.0,7619350,3.5436093630034055e-05,2021
858,Normandie,93.0,1181737,7.869771361986635e-05,2021
859,Nouvelle-Aquitaine,508.0,4658966,0.00010903706959870495,2021
860,Occitanie,252.0,2755762,9.144476192065934e-05,2021
861,Pays de la Loire,255.0,3651141,6.984118115405568e-05,2021
862,Provence-Alpes-Côte d'Azur,327.0,5029488,6.501655834550158e-05,2021
863,Île-de-France,846.0,26016853,3.251738402027332e-05,2021
