,code_dep,date,lat,long,tc
0,05,2016-03-31,44.565667,6.502333,3.8548076923077153
1,05,2016-06-30,44.565667,6.502333,13.356258596973888
2,05,2016-09-30,44.565667,6.502333,19.514130434782633
3,05,2016-12-31,44.565667,6.502333,6.277322404371605
4,05,2017-03-31,44.565667,6.502333,5.160559440559464
5,05,2017-06-30,44.565667,6.502333000000001,14.760359116022123
6,05,2017-09-30,44.565667,6.502333,18.579234972677618
7,05,2017-12-31,44.565667,6.502333,5.440983606557401
8,05,2018-03-31,44.565667,6.502333,2.9559829059829297
9,05,2018-06-30,44.565667,6.502333,15.050549450549472
10,05,2018-09-30,44.565667,6.502333,20.188813096862233
11,05,2018-12-31,44.565667,6.502333000000001,7.673433242506834
12,05,2019-03-31,44.565667,6.502333000000001,3.9525730180806917
13,05,2019-06-30,44.565667,6.502333,13.864374140302639
14,05,2019-09-30,44.565667,6.502333000000001,20.355858310626726
15,05,2019-12-31,44.565667,6.502333,7.508288043478285
16,05,2020-03-31,44.565667,6.502333,5.19519230769233
17,05,2020-06-30,44.565667,6.502333,14.864275862068988
18,05,2020-09-30,44.565667,6.502333,19.437295081967232
19,05,2020-12-31,44.565667,6.502333,6.142721088435396
20,05,2021-03-31,44.565667,6.502333000000001,4.002225312934654
21,05,2021-06-30,44.565667,6.502333000000001,13.045856353591184
22,05,2021-09-30,44.565667,6.502333,18.581121751026014
23,05,2021-12-31,44.565667,6.502333,6.180737704918055
24,06,2016-03-31,43.648833,7.209,10.684551724137952
25,06,2016-06-30,43.648833,7.209,17.979944674965445
26,06,2016-09-30,43.648833,7.209,24.116711956521762
27,06,2016-12-31,43.648833,7.209,13.552660300136449
28,06,2017-03-31,43.648833,7.209,11.001947148817825
29,06,2017-06-30,43.648833,7.209,18.95508241758244
30,06,2017-09-30,43.648833,7.208999999999999,23.362158469945378
31,06,2017-12-31,43.648833,7.208999999999999,13.022404371584722
32,06,2018-03-31,43.648833,7.209,10.039551192145884
33,06,2018-06-30,43.648833,7.209,18.768269230769256
34,06,2018-09-30,43.648833,7.2090000000000005,25.068758526603023
35,06,2018-12-31,43.648833,7.209,14.388010899182582
36,06,2019-03-31,43.648833,7.209,10.255694444444467
37,06,2019-06-30,43.648833,7.209,17.66964285714288
38,06,2019-09-30,43.648833,7.209,24.8373297002725
39,06,2019-12-31,43.648833,7.209,14.440625000000024
40,06,2020-03-31,43.648833,7.209,11.390659340659363
41,06,2020-06-30,43.648833,7.208999999999999,18.43521320495188
42,06,2020-09-30,43.648833,7.209,24.393605442176895
43,06,2020-12-31,43.648833,7.209,13.06315068493153
44,06,2021-03-31,43.648833,7.209,10.358888888888913
45,06,2021-06-30,43.648833,7.209,17.74917355371903
46,06,2021-09-30,43.648833,7.209,23.958016304347847
47,06,2021-12-31,43.648833,7.209,13.445231607629452
48,09,2016-03-31,43.005333,1.106833,7.249235048678744
49,09,2016-06-30,43.005333,1.106833,13.957988165680495
50,09,2016-09-30,43.005333,1.106833,19.60661157024796
51,09,2016-12-31,43.005333,1.106833,8.476470588235317
52,09,2017-03-31,43.005333,1.106833,6.601683029453039
53,09,2017-06-30,43.005333,1.106833,15.564838255977518
54,09,2017-09-30,43.005333,1.106833,18.469847856154935
55,09,2017-12-31,43.005333,1.106833,8.596311475409859
56,09,2018-03-31,43.005333,1.106833,6.3038888888889115
57,09,2018-06-30,43.005333,1.106833,14.910714285714308
58,09,2018-09-30,43.005333,1.106833,20.201091405184197
59,09,2018-12-31,43.005333,1.106833,9.811035422343346
60,09,2019-03-31,43.005333,1.106833,6.84138888888891
61,09,2019-06-30,43.005333,1.106833,14.056181318681341
62,09,2019-09-30,43.005333,1.106833,19.811852861035444
63,09,2019-12-31,43.005333,1.106833,10.021603260869588
64,09,2020-03-31,43.005333,1.106833,7.865247252747276
65,09,2020-06-30,43.005333,1.106833,15.715512465373985
66,09,2020-09-30,43.005333,1.106833,19.952804377565002
67,09,2020-12-31,43.005333,1.106833,9.076870748299344
68,09,2021-03-31,43.005333,1.106833,7.303750000000021
69,09,2021-06-30,43.005333,1.106833,14.045530726257006
70,09,2021-09-30,43.005333,1.106833,18.953566433566454
71,09,2021-12-31,43.005333,1.106833,8.80898716119831
72,10,2016-03-31,48.324667000000005,4.02,5.401925722145828
73,10,2016-06-30,48.324667000000005,4.02,13.480330123796447
74,10,2016-09-30,48.324667,4.02,19.143070652173936
75,10,2016-12-31,48.324667,4.02,6.463401360544241
76,10,2017-03-31,48.32466699999999,4.02,5.234861111111133
77,10,2017-06-30,48.324667000000005,4.02,14.830082417582442
78,10,2017-09-30,48.324667,4.02,18.170765027322428
79,10,2017-12-31,48.324667,4.02,8.026229508196744
80,10,2018-03-31,48.32466699999999,4.02,5.175555555555578
81,10,2018-06-30,48.324667000000005,4.02,15.989148351648375
82,10,2018-09-30,48.324667,4.02,20.059618008185563
83,10,2018-12-31,48.324667,4.02,8.703405994550431
84,10,2019-03-31,48.32466699999999,4.02,5.564861111111134
85,10,2019-06-30,48.324667000000005,4.02,14.192857142857168
86,10,2019-09-30,48.324667,4.02,19.487945205479477
87,10,2019-12-31,48.324667,4.02,8.86005434782611
88,10,2020-03-31,48.324667000000005,4.02,7.155219780219802
89,10,2020-06-30,48.324667000000005,4.02,15.252754820936662
90,10,2020-09-30,48.324667,4.02,19.91983695652176
91,10,2020-12-31,48.324667,4.02,8.706666666666688
92,10,2021-03-31,48.32466699999999,4.02,5.614722222222245
93,10,2021-06-30,48.324667000000005,4.02,13.390796703296726
94,10,2021-09-30,48.324667,4.02,18.17513661202188
95,10,2021-12-31,48.324667,4.02,7.453269754768415
96,12,2016-03-31,44.1185,3.0195,4.795718232044221
97,12,2016-06-30,44.1185,3.0195,12.584126984127007
98,12,2016-09-30,44.1185,3.0195,19.06744186046514
99,12,2016-12-31,44.1185,3.0195,8.115961800818576
100,12,2017-03-31,44.1185,3.0195000000000003,5.193871866295288
101,12,2017-06-30,44.1185,3.0195,14.610302197802222
102,12,2017-09-30,44.1185,3.0195000000000003,17.882797202797224
103,12,2017-12-31,44.1185,3.0195,6.89067215363514
104,12,2018-03-31,44.1185,3.0195,3.8517985611511008
105,12,2018-06-30,44.1185,3.0195,13.967857142857167
106,12,2018-09-30,44.1185,3.0195,20.420873124147363
107,12,2018-12-31,44.1185,3.0195000000000003,8.635422343324272
108,12,2019-03-31,44.1185,3.0195,4.927222222222245
109,12,2019-06-30,44.1185,3.0195000000000003,12.721538461538485
110,12,2019-09-30,44.1185,3.0195,19.869911504424802
111,12,2019-12-31,44.1185,3.0195,8.272777017783879
112,12,2020-03-31,44.1185,3.0195,6.206318681318703
113,12,2020-06-30,44.1185,3.0195,14.35261707988983
114,12,2020-09-30,44.1185,3.0195000000000003,19.58705722070847
115,12,2020-12-31,44.1185,3.0195,7.6355102040816565
116,12,2021-03-31,44.1185,3.0195,4.8825000000000225
117,12,2021-06-30,44.1185,3.0195,12.802911208151407
118,12,2021-09-30,44.1185,3.0195,18.26886145404666
119,12,2021-12-31,44.1185,3.0194999999999994,7.4672602739726255
120,13,2016-03-31,43.437667,5.216,9.843878954608002
121,13,2016-06-30,43.437667,5.216,18.294490358126744
122,13,2016-09-30,43.437667,5.216,24.26046195652176
123,13,2016-12-31,43.437667,5.216,12.24005449591283
124,13,2017-03-31,43.437667,5.216,9.871805555555579
125,13,2017-06-30,43.437667,5.216,19.268793342579773
126,13,2017-09-30,43.437667,5.216,23.56010928961751
127,13,2017-12-31,43.437667,5.216,11.40807113543094
128,13,2018-03-31,43.437667,5.216,9.23101529902645
129,13,2018-06-30,43.437667,5.216,19.272939560439585
130,13,2018-09-30,43.437667,5.216,25.20804911323331
131,13,2018-12-31,43.437667,5.216,12.967166212534082
132,13,2019-03-31,43.437667,5.216,8.86189151599446
133,13,2019-06-30,43.437667,5.216,18.125549450549475
134,13,2019-09-30,43.437667,5.216,24.79604904632155
135,13,2019-12-31,43.437667,5.216,13.275679347826111
136,13,2020-03-31,43.437667,5.216,10.262912087912111
137,13,2020-06-30,43.437667,5.216,18.73301237964239
138,13,2020-09-30,43.437667,5.216,24.12880434782611
139,13,2020-12-31,43.437667,5.216,12.11931972789118
140,13,2021-03-31,43.437667,5.216,9.323888888888911
141,13,2021-06-30,43.437667,5.216,18.088736263736287
142,13,2021-09-30,43.437667,5.216,23.845975443383377
143,13,2021-12-31,43.437667,5.216,11.753269754768416
144,14,2016-03-31,49.18,-0.456167,6.307439198855531
145,14,2016-06-30,49.18,-0.456167,12.371787296898102
146,14,2016-09-30,49.18,-0.456167,17.817955801104997
147,14,2016-12-31,49.18000000000001,-0.456167,8.049522510231947
148,14,2017-03-31,49.18,-0.45616700000000004,6.651250000000023
149,14,2017-06-30,49.18,-0.45616699999999993,13.70288858321873
150,14,2017-09-30,49.18,-0.456167,16.71463748290016
151,14,2017-12-31,49.18,-0.456167,9.687551299589627
152,14,2018-03-31,49.18,-0.45616700000000004,5.920555555555579
153,14,2018-06-30,49.18,-0.45616699999999993,13.647664835164857
154,14,2018-09-30,49.18000000000001,-0.45616699999999993,17.702253521126785
155,14,2018-12-31,49.18000000000001,-0.456167,9.413079019073592
156,14,2019-03-31,49.18,-0.45616700000000004,6.983333333333355
157,14,2019-06-30,49.18,-0.45616699999999993,12.566758241758265
158,14,2019-09-30,49.18,-0.456167,17.544125683060134
159,14,2019-12-31,49.18000000000001,-0.456167,9.146394557823152
160,14,2020-03-31,49.18,-0.45616699999999993,7.693956043956067
161,14,2020-06-30,49.18,-0.45616699999999993,13.674380165289278
162,14,2020-09-30,49.18000000000001,-0.456167,17.762892223738085
163,14,2020-12-31,49.18000000000001,-0.456167,9.596598639455806
164,14,2021-03-31,49.18,-0.456167,6.498421807747514
165,14,2021-06-30,49.18,-0.45616699999999993,11.750068775790945
166,14,2021-09-30,49.18,-0.456167,17.244951590594766
167,14,2021-12-31,49.18000000000001,-0.456167,9.398773841961875
168,17,2016-03-31,46.046833,-1.4115,9.47186206896554
169,17,2016-06-30,46.046833,-1.4115,14.656884561891541
170,17,2016-09-30,46.046833,-1.4115,19.507744565217415
171,17,2016-12-31,46.04683300000001,-1.4114999999999998,11.329532967032991
172,17,2017-03-31,46.046833,-1.4115,8.607386363636385
173,17,2017-06-30,46.046833,-1.4115,14.834052757793787
174,17,2017-09-30,46.04683299999999,-1.4115000000000002,19.086338797814232
175,17,2017-12-31,46.04683299999999,-1.4115,12.23638850889195
176,17,2018-03-31,46.046833,-1.4115,8.536111111111133
177,17,2018-06-30,46.04683300000001,-1.4114999999999998,15.932829670329694
178,17,2018-09-30,46.04683299999999,-1.4115000000000002,19.539344262295103
179,17,2018-12-31,46.046833,-1.4115,12.013674033149194
180,17,2019-03-31,46.046833,-1.4115,9.424895104895128
181,17,2019-06-30,46.04683300000001,-1.4114999999999998,14.904670329670353
182,17,2019-09-30,46.046833,-1.4115,19.79761570827492
183,17,2019-12-31,46.046833,-1.4115,12.72997275204362
184,17,2020-03-31,46.046833,-1.4115,10.404637681159445
185,17,2020-06-30,46.046833,-1.4115,16.100551724137954
186,17,2020-09-30,46.046833,-1.4115,19.740291262135944
187,17,2020-12-31,46.046833,-1.4115,12.860374414976622
188,17,2021-03-31,46.046833,-1.4115,8.827922077922102
189,17,2021-06-30,46.046833,-1.4115,14.907163742690082
190,17,2021-09-30,46.046833,-1.4115,19.61288209606989
191,17,2021-12-31,46.046833,-1.4115,11.846075085324255
192,18,2016-03-31,47.059167,2.359833,5.793543956043978
193,18,2016-06-30,47.05916700000001,2.359833,13.215448275862093
194,18,2016-09-30,47.05916700000001,2.359833,19.90679347826089
195,18,2016-12-31,47.059166999999995,2.359833,7.0431292517007025
196,18,2017-03-31,47.059167,2.359833,6.007916666666688
197,18,2017-06-30,47.059167,2.359833,15.633928571428594
198,18,2017-09-30,47.059167,2.359833,18.647814207650296
199,18,2017-12-31,47.059167,2.359833,8.154371584699476
200,18,2018-03-31,47.059167,2.359833,5.820277777777801
201,18,2018-06-30,47.059167,2.359833,16.417170329670352
202,18,2018-09-30,47.059167,2.359833,21.30327421555255
203,18,2018-12-31,47.059167,2.359833,9.531335149863782
204,18,2019-03-31,47.059167,2.359833,6.636805555555577
205,18,2019-06-30,47.059167,2.359833,15.037087912087934
206,18,2019-09-30,47.059167,2.359833,21.052043596730268
207,18,2019-12-31,47.05916700000001,2.359833,9.705706521739152
208,18,2020-03-31,47.059167,2.359833,7.9644230769231
209,18,2020-06-30,47.059167,2.359833,16.27024793388432
210,18,2020-09-30,47.05916700000001,2.359833,20.724320652173937
211,18,2020-12-31,47.059167,2.359833,9.044277929155335
212,18,2021-03-31,47.059167,2.359833,6.26666666666669
213,18,2021-06-30,47.059167,2.359833,14.295467032967055
214,18,2021-09-30,47.05916700000001,2.359833,19.004891304347847
215,18,2021-12-31,47.059167,2.359833,7.86689373297005
216,21,2016-03-31,47.267832999999996,5.088333,5.13711911357343
217,21,2016-06-30,47.26783300000001,5.088333,13.745953757225456
218,21,2016-09-30,47.267833,5.088333,20.087654320987678
219,21,2016-12-31,47.267833,5.088333,5.98374316939893
220,21,2017-03-31,47.267833,5.088333,4.883888888888911
221,21,2017-06-30,47.267833,5.088333,15.410866574965636
222,21,2017-09-30,47.267833,5.088333,18.897560975609778
223,21,2017-12-31,47.267833,5.088333,7.06169630642957
224,21,2018-03-31,47.267833,5.088333,4.537361111111134
225,21,2018-06-30,47.267833,5.088333,16.375240715268248
226,21,2018-09-30,47.267833,5.088333,21.145081967213137
227,21,2018-12-31,47.267833,5.088333,8.296457765667597
228,21,2019-03-31,47.267833,5.088333,5.333472222222245
229,21,2019-06-30,47.267833,5.088333,14.410576923076945
230,21,2019-09-30,47.267833,5.088333,20.640983606557402
231,21,2019-12-31,47.267833,5.088333,8.416983695652196
232,21,2020-03-31,47.267833,5.088333,6.326648351648374
233,21,2020-06-30,47.267833,5.088333,15.788995873452567
234,21,2020-09-30,47.267833,5.088333,21.190710382513686
235,21,2020-12-31,47.267832999999996,5.088333,7.559481582537539
236,21,2021-03-31,47.267832999999996,5.088333,5.117409470752112
237,21,2021-06-30,47.267833,5.088333,13.691022099447538
238,21,2021-09-30,47.267833,5.088333,18.562087912087932
239,21,2021-12-31,47.267833,5.088333,6.722343324250703
240,22,2016-03-31,48.825833,-3.473167,8.188736263736287
241,22,2016-06-30,48.825833,-3.473167,12.342778541953253
242,22,2016-09-30,48.825833,-3.473167,17.202717391304372
243,22,2016-12-31,48.825832999999996,-3.473167,10.751092896174885
244,22,2017-03-31,48.825833,-3.473167,8.599722222222244
245,22,2017-06-30,48.82583300000001,-3.4731670000000006,13.496418732782391
246,22,2017-09-30,48.825832999999996,-3.473167,16.271584699453573
247,22,2017-12-31,48.825832999999996,-3.473167,11.314480874316963
248,22,2018-03-31,48.825833,-3.473167,7.539305555555578
249,22,2018-06-30,48.825833,-3.473167,12.983379120879142
250,22,2018-09-30,48.825833,-3.473167,17.22523874488406
251,22,2018-12-31,48.825833,-3.473167,11.169482288828359
252,22,2019-03-31,48.825833,-3.473167,8.913351877607811
253,22,2019-06-30,48.825833,-3.4731669999999997,12.546676970633715
254,22,2019-09-30,48.825833,-3.473167,17.187620357634135
255,22,2019-12-31,48.825833,-3.473167,10.708458390177377
256,22,2020-03-31,48.825833,-3.473167,9.139285714285736
257,22,2020-06-30,48.82583300000001,-3.4731670000000006,13.464137931034506
258,22,2020-09-30,48.82583300000001,-3.4731670000000006,16.92809917355374
259,22,2020-12-31,48.825832999999996,-3.473167,11.349108367626908
260,22,2021-03-31,48.825833,-3.473167,8.26180555555558
261,22,2021-06-30,48.82583300000001,-3.4731670000000006,11.934848484848505
262,22,2021-09-30,48.825833,-3.4731669999999997,16.713953488372116
263,22,2021-12-31,48.825833,-3.4731669999999997,11.493433652530802
264,26,2016-03-31,44.581167,4.733,7.941758241758263
265,26,2016-06-30,44.581167,4.733,16.61060606060608
266,26,2016-09-30,44.581167,4.733,22.70720108695654
267,26,2016-12-31,44.581167,4.733,9.500408163265327
268,26,2017-03-31,44.581167,4.733,8.107799442896958
269,26,2017-06-30,44.581167,4.733,17.934340659340684
270,26,2017-09-30,44.581167,4.733,22.124726775956308
271,26,2017-12-31,44.581167,4.733,9.822161422708643
272,26,2018-03-31,44.581167,4.733,7.160972222222244
273,26,2018-06-30,44.581167,4.733,18.033928571428596
274,26,2018-09-30,44.581167,4.733,23.852689655172433
275,26,2018-12-31,44.581167,4.733,10.786712328767146
276,26,2019-03-31,44.581167,4.733,7.797222222222245
277,26,2019-06-30,44.581167,4.733,16.749656121045415
278,26,2019-09-30,44.581167,4.733,23.611035422343345
279,26,2019-12-31,44.581167,4.733,10.943885869565241
280,26,2020-03-31,44.581167,4.733,8.696978021978044
281,26,2020-06-30,44.581167,4.733,17.944044321329663
282,26,2020-09-30,44.581167,4.733,23.111820652173936
283,26,2020-12-31,44.581167,4.733,10.043188010899206
284,26,2021-03-31,44.581167,4.733,7.701671309192221
285,26,2021-06-30,44.581167,4.733,16.474552957359034
286,26,2021-09-30,44.581167,4.733,21.757122905027956
287,26,2021-12-31,44.581167,4.733,9.320273972602763
288,29,2016-03-31,48.444167,-4.412,7.718156808803324
289,29,2016-06-30,48.444167,-4.412,12.37520661157027
290,29,2016-09-30,48.444167,-4.412,16.954619565217413
291,29,2016-12-31,48.44416699999999,-4.412,9.436784741144436
292,29,2017-03-31,48.44416699999999,-4.412,7.756250000000022
293,29,2017-06-30,48.444167,-4.412,13.375103163686404
294,29,2017-09-30,48.444167,-4.412,15.586590584878767
295,29,2017-12-31,48.444167,-4.412,10.179250720461118
296,29,2018-03-31,48.44416699999999,-4.412,6.800555555555578
297,29,2018-06-30,48.444167,-4.412,13.286657496561233
298,29,2018-09-30,48.444167,-4.412,16.732469304229216
299,29,2018-12-31,48.444167,-4.412,10.345254470426433
300,29,2019-03-31,48.44416699999999,-4.412,8.183472222222244
301,29,2019-06-30,48.444167,-4.412,12.387637362637387
302,29,2019-09-30,48.44416700000001,-4.412,16.50054495912809
303,29,2019-12-31,48.444167,-4.412,10.03510204081635
304,29,2020-03-31,48.444167,-4.412,8.47953296703299
305,29,2020-06-30,48.444167,-4.412,13.881680440771373
306,29,2020-09-30,48.44416700000001,-4.412,16.15463215258858
307,29,2020-12-31,48.44416699999999,-4.412,10.467074829931994
308,29,2021-03-31,48.44416699999999,-4.412,7.5034722222222445
309,29,2021-06-30,48.444167,-4.412,11.870467032967056
310,29,2021-09-30,48.444167,-4.412,16.595788043478283
311,29,2021-12-31,48.44416700000001,-4.412,10.282697547683947
312,31,2016-03-31,43.621,1.378833,8.561485557083929
313,31,2016-06-30,43.621,1.378833,15.8378266850069
314,31,2016-09-30,43.621,1.378833,22.1302989130435
315,31,2016-12-31,43.621,1.378833,10.64557823129254
316,31,2017-03-31,43.621,1.378833,7.997902097902121
317,31,2017-06-30,43.621,1.378833,17.776066024759306
318,31,2017-09-30,43.621,1.378833,20.972093023255837
319,31,2017-12-31,43.621,1.378833,10.069125683060133
320,31,2018-03-31,43.621,1.378833,7.709861111111135
321,31,2018-06-30,43.621,1.378833,16.924450549450572
322,31,2018-09-30,43.621,1.378833,23.09562243502054
323,31,2018-12-31,43.621,1.378833,11.455040871934628
324,31,2019-03-31,43.621,1.378833,8.023750000000023
325,31,2019-06-30,43.621,1.378833,16.021840659340683
326,31,2019-09-30,43.621,1.378833,22.885013623978224
327,31,2019-12-31,43.621,1.378833,11.598233695652198
328,31,2020-03-31,43.621,1.378833,9.313324175824196
329,31,2020-06-30,43.621,1.378833,17.585969738652018
330,31,2020-09-30,43.621,1.378833,22.525578231292542
331,31,2020-12-31,43.621,1.378833,10.789659863945602
332,31,2021-03-31,43.621,1.378833,8.492500000000023
333,31,2021-06-30,43.621,1.378833,16.02019230769233
334,31,2021-09-30,43.621,1.378833,21.40478796169633
335,31,2021-12-31,43.621,1.378833,10.063487738419642
336,33,2016-03-31,44.830667,-0.691333,8.888049450549474
337,33,2016-06-30,44.830667,-0.691333,15.466987620357656
338,33,2016-09-30,44.830667,-0.691333,21.24809782608698
339,33,2016-12-31,44.830667,-0.691333,10.255102040816348
340,33,2017-03-31,44.830667,-0.691333,8.253611111111134
341,33,2017-06-30,44.830667,-0.691333,17.35343406593409
342,33,2017-09-30,44.830667,-0.691333,19.85997267759565
343,33,2017-12-31,44.830667,-0.691333,10.357240437158492
344,33,2018-03-31,44.830667,-0.691333,7.8327777777778
345,33,2018-06-30,44.830667,-0.691333,17.07390109890112
346,33,2018-09-30,44.830667,-0.691333,22.012141882673966
347,33,2018-12-31,44.830667000000005,-0.691333,11.316212534059968
348,33,2019-03-31,44.830667,-0.691333,8.888888888888912
349,33,2019-06-30,44.830667,-0.691333,15.667307692307714
350,33,2019-09-30,44.830667000000005,-0.691333,21.64386920980929
351,33,2019-12-31,44.830667,-0.691333,11.681250000000023
352,33,2020-03-31,44.830667,-0.691333,9.797115384615408
353,33,2020-06-30,44.830667,-0.691333,17.374690508940876
354,33,2020-09-30,44.830667,-0.691333,21.426358695652194
355,33,2020-12-31,44.830667,-0.691333,11.001904761904784
356,33,2021-03-31,44.830667,-0.691333,8.791250000000023
357,33,2021-06-30,44.830667,-0.691333,15.83777472527475
358,33,2021-09-30,44.830667,-0.691333,20.208967391304373
359,33,2021-12-31,44.830667000000005,-0.691333,10.148637602179859
360,34,2016-03-31,43.577,3.963167,9.777823691460078
361,34,2016-06-30,43.577,3.9631670000000003,17.61337047353763
362,34,2016-09-30,43.577,3.963167,23.55360544217689
363,34,2016-12-31,43.577,3.963167,11.77138964577659
364,34,2017-03-31,43.577,3.963167,9.614464534075125
365,34,2017-06-30,43.577,3.963167,18.74085281980745
366,34,2017-09-30,43.577,3.963167,22.591803278688545
367,34,2017-12-31,43.577,3.963167,11.485519125683082
368,34,2018-03-31,43.577,3.963167,9.161290322580669
369,34,2018-06-30,43.577,3.9631669999999994,18.509623430962364
370,34,2018-09-30,43.577,3.963167,24.368518518518542
371,34,2018-12-31,43.577,3.9631670000000003,12.710140845070447
372,34,2019-03-31,43.577,3.963167,9.27268847795166
373,34,2019-06-30,43.577,3.963167,17.441713483146092
374,34,2019-09-30,43.577,3.963167,24.282916666666686
375,34,2019-12-31,43.577,3.963167,12.987621696801137
376,34,2020-03-31,43.577,3.9631670000000003,10.482033426183868
377,34,2020-06-30,43.577,3.963167,18.520367751060842
378,34,2020-09-30,43.577,3.9631669999999994,23.651586206896575
379,34,2020-12-31,43.577,3.9631670000000003,11.760863509749326
380,34,2021-03-31,43.577,3.963167,9.408794326241157
381,34,2021-06-30,43.577,3.963167,17.582097902097924
382,34,2021-09-30,43.577,3.963167,23.047905027932984
383,34,2021-12-31,43.577,3.9631670000000003,11.461624649859965
384,35,2016-03-31,48.068833,-1.734,6.953920220082555
385,35,2016-06-30,48.068833,-1.734,13.166391184573024
386,35,2016-09-30,48.068833,-1.734,18.751700680272133
387,35,2016-12-31,48.068833,-1.7340000000000002,8.33038147138967
388,35,2017-03-31,48.068833,-1.734,6.936805555555578
389,35,2017-06-30,48.068833,-1.734,14.709078404401673
390,35,2017-09-30,48.068833,-1.734,17.455327868852482
391,35,2017-12-31,48.068833,-1.7340000000000002,9.558413132694962
392,35,2018-03-31,48.068833,-1.7340000000000002,6.559944367176658
393,35,2018-06-30,48.068833,-1.7340000000000002,15.235851648351671
394,35,2018-09-30,48.068833,-1.734,18.77216916780357
395,35,2018-12-31,48.068833,-1.734,9.919972451790656
396,35,2019-03-31,48.068833,-1.734,7.423333333333355
397,35,2019-06-30,48.068833,-1.7340000000000002,13.781456043956066
398,35,2019-09-30,48.068833,-1.734,18.78267394270125
399,35,2019-12-31,48.068833,-1.734,9.654891304347847
400,35,2020-03-31,48.068833,-1.7340000000000002,8.541895604395629
401,35,2020-06-30,48.068833,-1.734,15.392699724517929
402,35,2020-09-30,48.068833,-1.7340000000000002,18.416348773841985
403,35,2020-12-31,48.068833,-1.734,10.003945578231315
404,35,2021-03-31,48.068833,-1.734,6.8784722222222445
405,35,2021-06-30,48.068833,-1.7340000000000002,13.009116022099471
406,35,2021-09-30,48.068833,-1.734,18.004774897680786
407,35,2021-12-31,48.068833,-1.734,9.392455418381367
408,37,2016-03-31,47.4445,0.727333,6.504120879120902
409,37,2016-06-30,47.4445,0.727333,13.566620689655194
410,37,2016-09-30,47.444500000000005,0.727333,20.114945652173937
411,37,2016-12-31,47.4445,0.727333,7.8140136054422
412,37,2017-03-31,47.4445,0.727333,6.65791666666669
413,37,2017-06-30,47.4445,0.727333,15.547252747252772
414,37,2017-09-30,47.4445,0.7273329999999999,18.77500000000002
415,37,2017-12-31,47.4445,0.7273329999999999,9.172404371584722
416,37,2018-03-31,47.4445,0.7273329999999999,6.0701680672269145
417,37,2018-06-30,47.4445,0.727333,16.120604395604417
418,37,2018-09-30,47.4445,0.7273329999999999,20.59808743169401
419,37,2018-12-31,47.44449999999999,0.727333,9.536762688614564
420,37,2019-03-31,47.4445,0.727333,7.1889972144847025
421,37,2019-06-30,47.4445,0.7273329999999999,14.454883081155456
422,37,2019-09-30,47.4445,0.727333,20.43324250681201
423,37,2019-12-31,47.444500000000005,0.727333,9.71114130434785
424,37,2020-03-31,47.4445,0.727333,8.219368131868155
425,37,2020-06-30,47.4445,0.7273329999999999,15.88925619834713
426,37,2020-09-30,47.444500000000005,0.727333,20.255570652173937
427,37,2020-12-31,47.4445,0.727333,9.49387755102043
428,37,2021-03-31,47.44449999999999,0.7273330000000001,6.5554937413073935
429,37,2021-06-30,47.4445,0.7273329999999999,13.94002751031639
430,37,2021-09-30,47.444500000000005,0.727333,18.778668478260894
431,37,2021-12-31,47.4445,0.727333,8.562397820163511
432,40,2016-03-31,43.909833,-0.500167,8.668750000000022
433,40,2016-06-30,43.909833,-0.500167,15.321645021645045
434,40,2016-09-30,43.909833,-0.500167,21.070995670995693
435,40,2016-12-31,43.909833,-0.500167,9.615536723163865
436,40,2017-03-31,43.909833,-0.500167,7.572316384180814
437,40,2017-06-30,43.909833,-0.500167,17.09529737206088
438,40,2017-09-30,43.909833,-0.500167,19.753920220082556
439,40,2017-12-31,43.909833,-0.500167,9.674316939890735
440,40,2018-03-31,43.909833,-0.500167,7.553750000000022
441,40,2018-06-30,43.909833,-0.500167,16.486244841815704
442,40,2018-09-30,43.909833,-0.500167,21.685118219749675
443,40,2018-12-31,43.909833,-0.500167,10.552387448840404
444,40,2019-03-31,43.909833,-0.500167,7.941863699582778
445,40,2019-06-30,43.909833,-0.500167,15.21581843191199
446,40,2019-09-30,43.909833,-0.500167,21.11393442622953
447,40,2019-12-31,43.909833,-0.500167,11.29115646258506
448,40,2020-03-31,43.909833,-0.500167,9.080219780219803
449,40,2020-06-30,43.909833,-0.500167,17.138344827586227
450,40,2020-09-30,43.909833,-0.500167,21.079427792915553
451,40,2020-12-31,43.909833,-0.500167,10.298079561042545
452,40,2021-03-31,43.909833,-0.500167,8.524581005586613
453,40,2021-06-30,43.909833,-0.500167,15.443448275862092
454,40,2021-09-30,43.909833,-0.500167,20.062210095497978
455,40,2021-12-31,43.909833,-0.500167,9.514441416893757
456,43,2016-03-31,45.0745,3.764,3.4691884456671476
457,43,2016-06-30,45.0745,3.764,11.059090909090932
458,43,2016-09-30,45.0745,3.7639999999999993,16.88138586956524
459,43,2016-12-31,45.07449999999999,3.764,5.133107191316169
460,43,2017-03-31,45.0745,3.764,3.071905424200301
461,43,2017-06-30,45.0745,3.764,12.50055096418735
462,43,2017-09-30,45.0745,3.7640000000000002,16.259016393442646
463,43,2017-12-31,45.07449999999999,3.764,5.03885088919291
464,43,2018-03-31,45.0745,3.764,2.693750000000023
465,43,2018-06-30,45.07449999999999,3.764,12.719505494505519
466,43,2018-09-30,45.0745,3.764,17.696143250688728
467,43,2018-12-31,45.0745,3.764,6.535911602209968
468,43,2019-03-31,45.0745,3.7639999999999993,2.8634453781512836
469,43,2019-06-30,45.07449999999999,3.764,11.288186813186835
470,43,2019-09-30,45.07449999999999,3.764,17.3514986376022
471,43,2019-12-31,45.0745,3.764,6.833015006821305
472,43,2020-03-31,45.07449999999999,3.764,4.492994505494528
473,43,2020-06-30,45.0745,3.764,12.649571428571454
474,43,2020-09-30,45.0745,3.764,17.165605095541423
475,43,2020-12-31,45.0745,3.764,5.704013377926445
476,43,2021-03-31,45.0745,3.764,3.4098853868195067
477,43,2021-06-30,45.0745,3.764,10.69050535987751
478,43,2021-09-30,45.0745,3.7639999999999993,15.863418530351462
479,43,2021-12-31,45.07449999999999,3.764,4.7506811989101045
480,44,2016-03-31,47.15,-1.6088329999999997,7.623933975240738
481,44,2016-06-30,47.15,-1.6088330000000002,13.830578512396716
482,44,2016-09-30,47.15,-1.608833,19.40434782608698
483,44,2016-12-31,47.15,-1.6088329999999997,8.9504774897681
484,44,2017-03-31,47.15,-1.6088330000000002,7.487777777777799
485,44,2017-06-30,47.14999999999999,-1.6088330000000002,15.628610729023407
486,44,2017-09-30,47.14999999999999,-1.6088329999999997,18.12759562841532
487,44,2017-12-31,47.14999999999999,-1.6088329999999997,9.961885245901664
488,44,2018-03-31,47.15,-1.6088330000000002,7.049930458970815
489,44,2018-06-30,47.15,-1.6088329999999997,15.988598901098925
490,44,2018-09-30,47.15,-1.6088329999999997,19.763574351978196
491,44,2018-12-31,47.15,-1.6088329999999997,10.283242506812012
492,44,2019-03-31,47.15,-1.6088330000000002,7.92555555555558
493,44,2019-06-30,47.15,-1.6088329999999997,14.44594222833565
494,44,2019-09-30,47.15,-1.6088329999999997,19.705722070844708
495,44,2019-12-31,47.15,-1.608833,10.233288043478282
496,44,2020-03-31,47.14999999999999,-1.6088330000000002,9.054470426409926
497,44,2020-06-30,47.14999999999999,-1.6088330000000002,16.072627235213226
498,44,2020-09-30,47.15,-1.608833,19.293885869565237
499,44,2020-12-31,47.15,-1.6088329999999997,10.142040816326555
500,44,2021-03-31,47.15,-1.6088330000000002,7.20291666666669
501,44,2021-06-30,47.15,-1.6088329999999997,14.191208791208812
502,44,2021-09-30,47.15,-1.608833,18.60380434782611
503,44,2021-12-31,47.15,-1.6088329999999997,9.347275204359697
504,46,2016-03-31,44.745,1.396667,7.144077134986249
505,46,2016-06-30,44.745,1.396667,14.352544704264123
506,46,2016-09-30,44.745,1.396667,20.51929347826089
507,46,2016-12-31,44.745,1.396667,9.149656121045414
508,46,2017-03-31,44.745,1.396667,6.981111111111135
509,46,2017-06-30,44.745,1.396667,16.286813186813212
510,46,2017-09-30,44.745,1.396667,19.0761969904241
511,46,2017-12-31,44.745,1.396667,8.428590971272254
512,46,2018-03-31,44.745,1.396667,6.350277777777801
513,46,2018-06-30,44.745,1.396667,16.05855728429988
514,46,2018-09-30,44.745,1.396667,21.21653005464483
515,46,2018-12-31,44.745000000000005,1.396667,10.279019073569506
516,46,2019-03-31,44.745,1.396667,6.936717663421441
517,46,2019-06-30,44.745,1.396667,14.823415977961456
518,46,2019-09-30,44.745,1.396667,20.905349794238706
519,46,2019-12-31,44.745000000000005,1.396667,10.240190735694846
520,46,2020-03-31,44.745,1.396667,8.441483516483538
521,46,2020-06-30,44.745,1.396667,16.572346368715106
522,46,2020-09-30,44.745,1.396667,20.716780354706707
523,46,2020-12-31,44.745,1.396667,9.562721088435397
524,46,2021-03-31,44.745,1.396667,7.4359722222222455
525,46,2021-06-30,44.745,1.396667,14.708402203856771
526,46,2021-09-30,44.745,1.396667,19.102182810368372
527,46,2021-12-31,44.745,1.396667,8.638121546961349
528,50,2016-03-31,49.725167,-1.9398330000000001,8.339051603905183
529,50,2016-06-30,49.72516699999999,-1.939833,12.109902370990259
530,50,2016-09-30,49.725167,-1.939833,17.226279391424644
531,50,2016-12-31,49.725167,-1.9398329999999997,11.167307692307714
532,50,2017-03-31,49.725167,-1.9398329999999997,9.015312500000023
533,50,2017-06-30,49.72516699999999,-1.9398330000000001,13.048122392211429
534,50,2017-09-30,49.725167,-1.9398329999999997,16.616312056737613
535,50,2017-12-31,49.725167000000006,-1.939833,12.005054644808766
536,50,2018-03-31,49.725167000000006,-1.939833,7.574435028248611
537,50,2018-06-30,49.725167,-1.939833,12.58862359550564
538,50,2018-09-30,49.725167,-1.9398329999999997,17.143387815750394
539,50,2018-12-31,49.725167000000006,-1.939833,12.171135940409707
540,50,2019-03-31,49.725167000000006,-1.939833,8.91521739130437
541,50,2019-06-30,49.725167,-1.939833,12.339148351648374
542,50,2019-09-30,49.725167,-1.939833,17.277669902912645
543,50,2019-12-31,49.725167,-1.939833,11.360315186246442
544,50,2020-03-31,49.725167,-1.939833,9.120110192837489
545,50,2020-06-30,49.725167,-1.939833,12.897517241379333
546,50,2020-09-30,49.725167000000006,-1.939833,17.035245901639367
547,50,2020-12-31,49.725167,-1.939833,11.853531073446351
548,50,2021-03-31,49.72516699999999,-1.9398329999999997,8.162123385939765
549,50,2021-06-30,49.725167000000006,-1.939833,11.45144827586209
550,50,2021-09-30,49.72516699999999,-1.939833,16.937307152875196
551,50,2021-12-31,49.725167000000006,-1.939833,12.066852367688044
552,51,2016-03-31,49.20966700000001,4.155333,5.040715268225607
553,51,2016-06-30,49.209666999999996,4.155333,13.04127423822717
554,51,2016-09-30,49.209667,4.155333,18.28505434782611
555,51,2016-12-31,49.209667,4.155333,6.254904632152611
556,51,2017-03-31,49.209667,4.155333,4.934770514603639
557,51,2017-06-30,49.209667,4.155333,14.228236914600572
558,51,2017-09-30,49.20966700000001,4.155333,17.29549180327871
559,51,2017-12-31,49.209666999999996,4.155333,7.847272727272751
560,51,2018-03-31,49.209667,4.155333,4.493333333333355
561,51,2018-06-30,49.20966700000001,4.155333,15.500000000000023
562,51,2018-09-30,49.209667,4.155333,19.230150068212847
563,51,2018-12-31,49.209667,4.155333,8.16089918256133
564,51,2019-03-31,49.209667,4.155333,5.43018080667596
565,51,2019-06-30,49.209667,4.155333,13.408928571428595
566,51,2019-09-30,49.20966700000001,4.155333,18.43647540983609
567,51,2019-12-31,49.209667,4.155333,8.342527173913068
568,51,2020-03-31,49.209667,4.155333,6.7135989010989245
569,51,2020-06-30,49.20966700000001,4.155333,14.428374655647405
570,51,2020-09-30,49.209667,4.155333,19.09455040871937
571,51,2020-12-31,49.209666999999996,4.155333,8.393061224489818
572,51,2021-03-31,49.209667,4.155333,5.192916666666689
573,51,2021-06-30,49.209667,4.155333,12.639448275862092
574,51,2021-09-30,49.209667,4.155333,17.57803547066851
575,51,2021-12-31,49.209667,4.155333,7.325784447476148
576,54,2016-03-31,48.581,5.959833,4.199723756906099
577,54,2016-06-30,48.58100000000001,5.959833,12.821892655367254
578,54,2016-09-30,48.58100000000001,5.959833,18.89032697547686
579,54,2016-12-31,48.58100000000001,5.959833,5.347275204359697
580,54,2017-03-31,48.581,5.959833,4.186527777777799
581,54,2017-06-30,48.581,5.959833,14.624209078404423
582,54,2017-09-30,48.581,5.959832999999999,17.529726027397285
583,54,2017-12-31,48.581,5.959833000000001,6.761969904240789
584,54,2018-03-31,48.581,5.959833,3.3863699582754054
585,54,2018-06-30,48.581,5.959833,15.753846153846176
586,54,2018-09-30,48.581,5.959832999999999,19.76287671232879
587,54,2018-12-31,48.58100000000001,5.959833,7.681718963165097
588,54,2019-03-31,48.581,5.959833,4.887083333333355
589,54,2019-06-30,48.581,5.959833,13.744505494505518
590,54,2019-09-30,48.580999999999996,5.959833,19.03260572987724
591,54,2019-12-31,48.581,5.959833,7.672108843537439
592,54,2020-03-31,48.58100000000001,5.959833,5.742482758620713
593,54,2020-06-30,48.581,5.959833,14.879063360881567
594,54,2020-09-30,48.581,5.959833000000001,19.686065573770517
595,54,2020-12-31,48.58100000000001,5.959833,7.633378746594029
596,54,2021-03-31,48.581,5.959833,4.461559888579409
597,54,2021-06-30,48.581,5.959832999999999,12.73356449375869
598,54,2021-09-30,48.581,5.959833000000001,17.297510373444005
599,54,2021-12-31,48.580999999999996,5.959833,6.4592178770949955
600,56,2016-03-31,47.294333,-3.2183329999999994,9.239560439560464
601,56,2016-06-30,47.294332999999995,-3.218333,13.506891495601195
602,56,2016-09-30,47.294333,-3.218333,18.556114130434807
603,56,2016-12-31,47.294333,-3.2183329999999994,11.166760563380304
604,56,2017-03-31,47.29433300000001,-3.218333,8.740555555555577
605,56,2017-06-30,47.294332999999995,-3.218333,14.764265927977862
606,56,2017-09-30,47.294333,-3.218333,17.36320109439127
607,56,2017-12-31,47.294333,-3.218333,12.049863387978164
608,56,2018-03-31,47.294333,-3.2183329999999994,8.259388038943
609,56,2018-06-30,47.294332999999995,-3.218333,15.071251719394796
610,56,2018-09-30,47.29433300000001,-3.218333,18.69274965800276
611,56,2018-12-31,47.294332999999995,-3.218333,11.922207084468686
612,56,2019-03-31,47.294333,-3.2183329999999994,9.375938803894321
613,56,2019-06-30,47.294333,-3.2183329999999994,13.84203296703299
614,56,2019-09-30,47.294333,-3.2183330000000003,18.566160220994497
615,56,2019-12-31,47.294333,-3.218333,12.173641304347848
616,56,2020-03-31,47.294333,-3.2183329999999994,10.055631868131892
617,56,2020-06-30,47.294333,-3.2183329999999994,15.075000000000022
618,56,2020-09-30,47.294333,-3.218333,18.253781512605066
619,56,2020-12-31,47.294332999999995,-3.218333,12.281198910081766
620,56,2021-03-31,47.294333,-3.2183330000000003,8.643235704323592
621,56,2021-06-30,47.294333,-3.218333,13.630392156862769
622,56,2021-09-30,47.294333,-3.2183330000000003,18.276398362892248
623,56,2021-12-31,47.294332999999995,-3.218333,11.698501362397844
624,59,2016-03-31,50.57,3.0975,5.629807692307715
625,59,2016-06-30,50.57,3.0975000000000006,13.267768595041344
626,59,2016-09-30,50.56999999999999,3.0975,18.61657608695654
627,59,2016-12-31,50.57,3.0975,7.071896316507527
628,59,2017-03-31,50.57,3.0975000000000006,5.807083333333357
629,59,2017-06-30,50.57,3.0975,14.846629986244864
630,59,2017-09-30,50.57,3.0975000000000006,17.403155006858732
631,59,2017-12-31,50.57,3.0975,8.510396716826289
632,59,2018-03-31,50.57,3.0975000000000006,4.5108333333333555
633,59,2018-06-30,50.57,3.0975,15.44615384615387
634,59,2018-09-30,50.57,3.0975,19.06030013642567
635,59,2018-12-31,50.56999999999999,3.0975,8.699455040871957
636,59,2019-03-31,50.57,3.0975,6.310431154381107
637,59,2019-06-30,50.57,3.0975,13.885281980742802
638,59,2019-09-30,50.56999999999999,3.0975,18.448365122615826
639,59,2019-12-31,50.56999999999999,3.0975,8.446603260869587
640,59,2020-03-31,50.57,3.0975,6.8666208791209025
641,59,2020-06-30,50.57,3.0975,15.065887207702913
642,59,2020-09-30,50.56999999999999,3.0975,18.85937500000002
643,59,2020-12-31,50.56999999999999,3.0974999999999997,8.980000000000022
644,59,2021-03-31,50.57,3.0975000000000006,5.334027777777801
645,59,2021-06-30,50.57,3.0975,12.661675824175848
646,59,2021-09-30,50.56999999999999,3.0975,17.70638586956524
647,59,2021-12-31,50.56999999999999,3.0975,8.323433242506836
648,61,2016-03-31,48.4455,0.110167,5.662728551336169
649,61,2016-06-30,48.4455,0.110167,12.616901408450728
650,61,2016-09-30,48.4455,0.110167,18.37697547683926
651,61,2016-12-31,48.44550000000001,0.110167,6.998095238095261
652,61,2017-03-31,48.4455,0.110167,5.937083333333356
653,61,2017-06-30,48.4455,0.110167,14.295879120879146
654,61,2017-09-30,48.4455,0.110167,17.069125683060133
655,61,2017-12-31,48.4455,0.110167,8.65286885245904
656,61,2018-03-31,48.4455,0.11016700000000001,5.248111888111911
657,61,2018-06-30,48.4455,0.110167,14.838049450549473
658,61,2018-09-30,48.4455,0.11016699999999999,18.719508867667145
659,61,2018-12-31,48.4455,0.110167,8.705585831062692
660,61,2019-03-31,48.4455,0.110167,6.274305555555577
661,61,2019-06-30,48.4455,0.110167,13.361645746164596
662,61,2019-09-30,48.44550000000001,0.110167,18.43748290013682
663,61,2019-12-31,48.4455,0.110167,8.621529745042517
664,61,2020-03-31,48.4455,0.110167,7.2247237569061
665,61,2020-06-30,48.445499999999996,0.110167,14.87782369146008
666,61,2020-09-30,48.44550000000001,0.11016699999999999,18.61336088154272
667,61,2020-12-31,48.4455,0.11016699999999999,8.93665730337081
668,61,2021-03-31,48.4455,0.110167,5.555099150141665
669,61,2021-06-30,48.4455,0.11016699999999999,12.503477051460385
670,61,2021-09-30,48.4455,0.11016699999999999,17.475443383356094
671,61,2021-12-31,48.4455,0.110167,7.976430517711195
672,63,2016-03-31,45.786833,3.149333,6.502341597796167
673,63,2016-06-30,45.78683300000001,3.149333,13.91281337047356
674,63,2016-09-30,45.786833,3.149333,20.35197817189634
675,63,2016-12-31,45.786833,3.149333,7.010340136054446
676,63,2017-03-31,45.786833,3.1493330000000004,6.090489510489533
677,63,2017-06-30,45.786832999999994,3.149333,15.586307053941931
678,63,2017-09-30,45.786833,3.1493330000000004,19.363877266387753
679,63,2017-12-31,45.786833,3.149333,8.313176144244128
680,63,2018-03-31,45.786833,3.1493329999999995,6.011063829787258
681,63,2018-06-30,45.786833,3.1493330000000004,15.917916666666688
682,63,2018-09-30,45.786833,3.1493329999999995,20.809645390070944
683,63,2018-12-31,45.786833,3.149333,9.4672752808989
684,63,2019-03-31,45.786833,3.149333,6.516216216216239
685,63,2019-06-30,45.786833,3.1493329999999995,14.791701828410712
686,63,2019-09-30,45.786833,3.1493330000000004,20.92649930264995
687,63,2019-12-31,45.786833,3.1493330000000004,9.99679218967924
688,63,2020-03-31,45.786833,3.149333,7.6065459610028086
689,63,2020-06-30,45.786833,3.149333,15.914788732394388
690,63,2020-09-30,45.786833,3.149333,20.37369146005512
691,63,2020-12-31,45.78683300000001,3.1493329999999995,9.270604395604417
692,63,2021-03-31,45.786833,3.149333,6.63243626062325
693,63,2021-06-30,45.786833,3.1493330000000004,14.194839609483981
694,63,2021-09-30,45.786833,3.149333,18.923184357541924
695,63,2021-12-31,45.786833,3.149333,7.536187845303891
696,65,2016-03-31,43.188,0.0,7.451444291609377
697,65,2016-06-30,43.188,0.0,14.16908831908834
698,65,2016-09-30,43.188,0.0,19.826902173913066
699,65,2016-12-31,43.188,0.0,9.173633879781443
700,65,2017-03-31,43.188,0.0,6.743611111111135
701,65,2017-06-30,43.188,0.0,16.080769230769253
702,65,2017-09-30,43.188,0.0,18.69258241758244
703,65,2017-12-31,43.188,0.0,9.294214876033081
704,65,2018-03-31,43.188,0.0,6.472638888888911
705,65,2018-06-30,43.188,0.0,14.966346153846176
706,65,2018-09-30,43.188,0.0,20.462210095497976
707,65,2018-12-31,43.188,0.0,9.890068965517264
708,65,2019-03-31,43.188,0.0,7.202222222222244
709,65,2019-06-30,43.188,0.0,14.04038461538464
710,65,2019-09-30,43.188,0.0,20.0231607629428
711,65,2019-12-31,43.188,0.0,10.41301369863016
712,65,2020-03-31,43.188,0.0,8.207883817427408
713,65,2020-06-30,43.188,0.0,16.048760330578535
714,65,2020-09-30,43.188,0.0,20.089437585733904
715,65,2020-12-31,43.188,0.0,9.700136054421792
716,65,2021-03-31,43.188,0.0,7.635416666666691
717,65,2021-06-30,43.188,0.0,14.47285318559559
718,65,2021-09-30,43.188,0.0,18.848633879781442
719,65,2021-12-31,43.188,0.0,9.4532876712329
720,66,2016-03-31,42.737167,2.8728330000000004,10.465379310344849
721,66,2016-06-30,42.737167,2.872833,17.597245179063385
722,66,2016-09-30,42.737167,2.872833,24.275443383356095
723,66,2016-12-31,42.737167,2.872833,13.068979591836758
724,66,2017-03-31,42.737167,2.8728330000000004,10.65457102672295
725,66,2017-06-30,42.737167,2.872833,19.23947730398902
726,66,2017-09-30,42.737167,2.872833,22.832786885245923
727,66,2017-12-31,42.737167,2.872833,12.676229508196744
728,66,2018-03-31,42.737167,2.8728330000000004,9.762169680111288
729,66,2018-06-30,42.737167,2.872833,18.38907330567084
730,66,2018-09-30,42.737167,2.872833,25.327148703956368
731,66,2018-12-31,42.737167,2.872833,13.900273224043739
732,66,2019-03-31,42.737167,2.8728330000000004,10.464305555555578
733,66,2019-06-30,42.737167,2.872833,17.409254143646432
734,66,2019-09-30,42.737167,2.8728330000000004,24.301306240928906
735,66,2019-12-31,42.737167,2.872833,13.48709239130437
736,66,2020-03-31,42.737167,2.872833,11.021349862258976
737,66,2020-06-30,42.737167,2.872833,18.615177304964565
738,66,2020-09-30,42.737167,2.872833,23.919701086956543
739,66,2020-12-31,42.737167,2.872833,12.26340136054424
740,66,2021-03-31,42.737167,2.8728329999999995,10.352727272727295
741,66,2021-06-30,42.737167,2.872833,18.23063186813189
742,66,2021-09-30,42.737167,2.872833,23.547690217391327
743,66,2021-12-31,42.737167,2.8728330000000004,12.70330578512399
744,67,2016-03-31,48.5495,7.640333,5.2349381017881935
745,67,2016-06-30,48.549499999999995,7.640333,14.41112656467318
746,67,2016-09-30,48.5495,7.640333,19.80510204081635
747,67,2016-12-31,48.5495,7.640333,5.561263736263759
748,67,2017-03-31,48.54950000000001,7.640333,4.2302228412256495
749,67,2017-06-30,48.549499999999995,7.640333000000001,15.988292011019306
750,67,2017-09-30,48.5495,7.640333000000001,18.824691358024715
751,67,2017-12-31,48.5495,7.640333,7.316895604395627
752,67,2018-03-31,48.5495,7.640332999999999,4.2165277777778
753,67,2018-06-30,48.54950000000001,7.640333,17.446068965517263
754,67,2018-09-30,48.54950000000001,7.640332999999999,20.61459754433836
755,67,2018-12-31,48.54950000000001,7.640332999999999,7.87366984993181
756,67,2019-03-31,48.5495,7.640332999999999,5.358194444444467
757,67,2019-06-30,48.549499999999995,7.640333000000001,15.201790633608837
758,67,2019-09-30,48.54950000000001,7.640333,19.82500000000002
759,67,2019-12-31,48.5495,7.640332999999999,7.978940217391328
760,67,2020-03-31,48.5495,7.640333,6.455494505494529
761,67,2020-06-30,48.549499999999995,7.640333000000001,15.959034482758645
762,67,2020-09-30,48.5495,7.640333,20.30585034013608
763,67,2020-12-31,48.5495,7.640333,7.54870748299322
764,67,2021-03-31,48.5495,7.640332999999999,4.59916666666669
765,67,2021-06-30,48.5495,7.640333,14.160275862068989
766,67,2021-09-30,48.5495,7.640333,18.30544217687077
767,67,2021-12-31,48.5495,7.640333,6.626402188782513
768,68,2016-03-31,47.614333,7.51,4.750549450549474
769,68,2016-06-30,47.614333,7.51,13.89270687237029
770,68,2016-09-30,47.614332999999995,7.51,19.39167803547069
771,68,2016-12-31,47.614333,7.51,5.235792349726799
772,68,2017-03-31,47.614332999999995,7.51,4.122638888888911
773,68,2017-06-30,47.614333,7.51,15.624551724137955
774,68,2017-09-30,47.614333,7.509999999999999,18.627906976744207
775,68,2017-12-31,47.614333,7.51,6.967213114754121
776,68,2018-03-31,47.614332999999995,7.51,4.020138888888911
777,68,2018-06-30,47.614333,7.510000000000001,16.80385674931132
778,68,2018-09-30,47.614332999999995,7.51,20.45743519781721
779,68,2018-12-31,47.614333,7.51,7.541416893732993
780,68,2019-03-31,47.614333,7.51,4.833518776077909
781,68,2019-06-30,47.61433300000001,7.51,14.118156808803324
782,68,2019-09-30,47.614332999999995,7.51,19.258935879945454
783,68,2019-12-31,47.614333,7.509999999999999,7.831020408163288
784,68,2020-03-31,47.614333,7.51,6.039695712309844
785,68,2020-06-30,47.61433300000001,7.51,15.297382920110214
786,68,2020-09-30,47.614333,7.509999999999999,19.880136054421794
787,68,2020-12-31,47.614333,7.509999999999999,7.33823129251703
788,68,2021-03-31,47.614332999999995,7.51,4.444722222222245
789,68,2021-06-30,47.614333,7.51,13.564972527472548
790,68,2021-09-30,47.614333,7.509999999999999,18.08000000000002
791,68,2021-12-31,47.614333,7.51,6.2807901907357175
792,69,2016-03-31,45.7265,5.077833,6.676236263736286
793,69,2016-06-30,45.726499999999994,5.077833,15.176033057851264
794,69,2016-09-30,45.726499999999994,5.077833,21.375271739130458
795,69,2016-12-31,45.7265,5.077833,7.032653061224512
796,69,2017-03-31,45.7265,5.077833,6.286666666666689
797,69,2017-06-30,45.7265,5.077833,16.897115384615407
798,69,2017-09-30,45.726499999999994,5.077833,20.644870041039695
799,69,2017-12-31,45.7265,5.077833,8.284016393442645
800,69,2018-03-31,45.7265,5.077833,5.970138888888911
801,69,2018-06-30,45.7265,5.077833,17.518595041322335
802,69,2018-09-30,45.7265,5.077833,22.48103683492499
803,69,2018-12-31,45.72650000000001,5.077833,9.412806539509559
804,69,2019-03-31,45.726499999999994,5.077833,6.463560500695432
805,69,2019-06-30,45.7265,5.077833,15.746291208791233
806,69,2019-09-30,45.7265,5.077833,21.721145975443406
807,69,2019-12-31,45.726499999999994,5.077833,9.979483695652197
808,69,2020-03-31,45.7265,5.077833,7.76236263736266
809,69,2020-06-30,45.7265,5.077833,17.24002751031639
810,69,2020-09-30,45.7265,5.077833,22.061632653061245
811,69,2020-12-31,45.7265,5.077833,9.140136054421793
812,69,2021-03-31,45.7265,5.077833,6.645277777777801
813,69,2021-06-30,45.7265,5.077833,15.232417582417606
814,69,2021-09-30,45.7265,5.077833,19.91102040816329
815,69,2021-12-31,45.7265,5.077833,7.528785811732629
816,76,2016-03-31,49.38300000000001,1.181667,5.381267217630876
817,76,2016-06-30,49.383,1.181667,12.43231622746188
818,76,2016-09-30,49.382999999999996,1.181667,17.95122282608698
819,76,2016-12-31,49.38300000000001,1.181667,6.987346938775533
820,76,2017-03-31,49.383,1.181667,5.7703755215577415
821,76,2017-06-30,49.383,1.181667,14.00398351648354
822,76,2017-09-30,49.383,1.181667,16.638797814207674
823,76,2017-12-31,49.38300000000001,1.181667,8.369315068493174
824,76,2018-03-31,49.383,1.181667,4.628333333333355
825,76,2018-06-30,49.383,1.181667,14.704258241758266
826,76,2018-09-30,49.383,1.181667,18.295497953615303
827,76,2018-12-31,49.383,1.181667,8.562125340599476
828,76,2019-03-31,49.383,1.181667,6.203750000000023
829,76,2019-06-30,49.383,1.181667,13.078846153846175
830,76,2019-09-30,49.383,1.181667,17.806267029972776
831,76,2019-12-31,49.382999999999996,1.181667,8.30176630434785
832,76,2020-03-31,49.383,1.181667,6.744230769230792
833,76,2020-06-30,49.382999999999996,1.181667,14.601652892562004
834,76,2020-09-30,49.382999999999996,1.181667,17.982065217391327
835,76,2020-12-31,49.38300000000001,1.181667,8.558775510204104
836,76,2021-03-31,49.383,1.181667,5.312500000000022
837,76,2021-06-30,49.383,1.181667,11.952060439560462
838,76,2021-09-30,49.38300000000001,1.181667,17.05731874145009
839,76,2021-12-31,49.383,1.181667,7.9232970027248175
840,80,2016-03-31,50.136,1.834,5.786126373626396
841,80,2016-06-30,50.136,1.8340000000000003,12.530578512396715
842,80,2016-09-30,50.13600000000001,1.834,17.81671195652176
843,80,2016-12-31,50.135999999999996,1.834,7.494829931972811
844,80,2017-03-31,50.136,1.8339999999999999,6.016828929068174
845,80,2017-06-30,50.136,1.834,13.951098901098923
846,80,2017-09-30,50.136,1.834,16.71065573770494
847,80,2017-12-31,50.135999999999996,1.8340000000000003,9.056164383561667
848,80,2018-03-31,50.13600000000001,1.834,4.9340277777778
849,80,2018-06-30,50.136,1.8340000000000003,14.315013774104706
850,80,2018-09-30,50.136,1.834,18.01138545953363
851,80,2018-12-31,50.136,1.8339999999999999,8.927247956403292
852,80,2019-03-31,50.13600000000001,1.834,6.4954166666666895
853,80,2019-06-30,50.136,1.8340000000000003,13.188365650969551
854,80,2019-09-30,50.136,1.834,17.465211459754457
855,80,2019-12-31,50.13600000000001,1.834,8.82105978260872
856,80,2020-03-31,50.136,1.834,7.17898351648354
857,80,2020-06-30,50.136,1.834,14.18693259972492
858,80,2020-09-30,50.13600000000001,1.834,17.985326086956544
859,80,2020-12-31,50.135999999999996,1.834,9.139455782312949
860,80,2021-03-31,50.13600000000001,1.834,5.521527777777801
861,80,2021-06-30,50.13600000000001,1.8340000000000003,12.492553191489385
862,80,2021-09-30,50.135999999999996,1.834,17.155882352941198
863,80,2021-12-31,50.136,1.834,8.771857923497292
864,83,2016-03-31,43.079333,5.940833,10.567134831460697
865,83,2016-06-30,43.079333,5.940833,17.088936170212786
866,83,2016-09-30,43.079333,5.940832999999999,23.799427753934218
867,83,2016-12-31,43.079333,5.940833,11.402539682539706
868,83,2017-03-31,43.079333,5.940832999999999,10.757404795486623
869,83,2017-06-30,43.079333,5.9408330000000005,18.277316735822982
870,83,2017-09-30,43.079333,5.940833,22.548497267759586
871,83,2017-12-31,43.079333,5.9408330000000005,12.760857538035985
872,83,2018-03-31,43.079333,5.940833,9.674408901251763
873,83,2018-06-30,43.079333,5.940833,18.24132231404961
874,83,2018-09-30,43.079333,5.940833,24.13304721030045
875,83,2018-12-31,43.079333,5.940833,14.268169398907125
876,83,2019-03-31,43.079333,5.940833,10.457344632768384
877,83,2019-06-30,43.079333,5.940833,17.154407713498646
878,83,2019-09-30,43.079333,5.940833,24.336731843575443
879,83,2019-12-31,43.079333,5.940832999999999,14.133656509695314
880,83,2020-03-31,43.079333,5.940832999999999,11.010067114093983
881,83,2020-06-30,43.079333,5.940833,
882,83,2020-09-30,43.079333,5.940833,
883,83,2020-12-31,43.079333,5.9408330000000005,
884,83,2021-03-31,43.079333,5.940833,
885,83,2021-06-30,43.079333,5.940833,
886,83,2021-09-30,43.079333,5.940833,
887,83,2021-12-31,43.079333,5.940833,
888,86,2016-03-31,46.593833,0.314333,6.761623108665772
889,86,2016-06-30,46.593833,0.314333,13.589133425034412
890,86,2016-09-30,46.593833,0.314333,19.90979591836737
891,86,2016-12-31,46.593833,0.314333,8.069251700680296
892,86,2017-03-31,46.593833,0.314333,6.698611111111134
893,86,2017-06-30,46.593833,0.314333,15.539477303989017
894,86,2017-09-30,46.593833,0.314333,18.724590163934447
895,86,2017-12-31,46.593833,0.314333,9.0185792349727
896,86,2018-03-31,46.593833,0.314333,6.227777777777801
897,86,2018-06-30,46.593833,0.314333,15.931636863823957
898,86,2018-09-30,46.593833,0.314333,20.581557377049204
899,86,2018-12-31,46.593833,0.314333,9.664158686730529
900,86,2019-03-31,46.593833,0.314333,7.091213389121362
901,86,2019-06-30,46.593833,0.314333,14.529258241758265
902,86,2019-09-30,46.593833,0.314333,20.2456403269755
903,86,2019-12-31,46.593833,0.314333,9.823233695652197
904,86,2020-03-31,46.593833,0.314333,8.151236263736285
905,86,2020-06-30,46.593833,0.314333,15.77620357634115
906,86,2020-09-30,46.593833,0.314333,20.126258503401385
907,86,2020-12-31,46.593833,0.314333,9.52027210884356
908,86,2021-03-31,46.593833,0.314333,6.7094444444444665
909,86,2021-06-30,46.593833,0.314333,14.115247252747277
910,86,2021-09-30,46.593833,0.314333,18.65271739130437
911,86,2021-12-31,46.593833,0.314333,8.203424657534269
912,87,2016-03-31,45.861167,1.175,5.705906593406617
913,87,2016-06-30,45.861167,1.175,12.853094910591496
914,87,2016-09-30,45.861167,1.175,19.465081521739155
915,87,2016-12-31,45.861167,1.175,8.59604365620739
916,87,2017-03-31,45.861167,1.175,6.228511821974989
917,87,2017-06-30,45.861167,1.175,15.20385144429163
918,87,2017-09-30,45.861167,1.175,17.536164383561665
919,87,2017-12-31,45.861167,1.175,7.92581967213117
920,87,2018-03-31,45.861167,1.175,4.888611111111134
921,87,2018-06-30,45.861167,1.175,15.27359009628613
922,87,2018-09-30,45.861167,1.175,20.337978142076526
923,87,2018-12-31,45.86116700000001,1.175,9.532697547683947
924,87,2019-03-31,45.861167,1.175,6.2918055555555785
925,87,2019-06-30,45.861167,1.175,13.774725274725297
926,87,2019-09-30,45.86116700000001,1.175,19.899727520435988
927,87,2019-12-31,45.861167,1.175,9.182608695652196
928,87,2020-03-31,45.861167,1.175,7.379670329670351
929,87,2020-06-30,45.86116700000001,1.175,15.264462809917378
930,87,2020-09-30,45.861167,1.175,19.6271739130435
931,87,2020-12-31,45.861167,1.175,8.705170068027233
932,87,2021-03-31,45.861167,1.175,6.117385257301832
933,87,2021-06-30,45.861167,1.175,13.503576341127944
934,87,2021-09-30,45.861167,1.175,17.838858695652196
935,87,2021-12-31,45.861167,1.175,8.166302864938631
936,91,2016-03-31,48.716832999999994,2.384333,5.928296703296727
937,91,2016-06-30,48.716833,2.384333,13.744566712517218
938,91,2016-09-30,48.716833,2.384333,19.95788043478263
939,91,2016-12-31,48.716833,2.384333,7.417414965986417
940,91,2017-03-31,48.716833,2.384333,6.2534722222222445
941,91,2017-06-30,48.716833,2.384333,15.762258953168066
942,91,2017-09-30,48.716833,2.384333,18.35942622950822
943,91,2017-12-31,48.716833,2.384333,8.777459016393465
944,91,2018-03-31,48.716833,2.384333,5.353194444444467
945,91,2018-06-30,48.716832999999994,2.384333,16.373901098901122
946,91,2018-09-30,48.716832999999994,2.384333,20.582128240109164
947,91,2018-12-31,48.716832999999994,2.384333,9.38253751705323
948,91,2019-03-31,48.716833,2.384333,6.731111111111135
949,91,2019-06-30,48.716832999999994,2.384333,14.926098901098925
950,91,2019-09-30,48.716833,2.384333,20.271038251366143
951,91,2019-12-31,48.716833,2.384333,9.26005434782611
952,91,2020-03-31,48.716833,2.384333,7.802200825309515
953,91,2020-06-30,48.716833,2.384333,16.357024793388454
954,91,2020-09-30,48.716833,2.384333,20.62364130434785
955,91,2020-12-31,48.716833,2.384333,9.395782312925192
956,91,2021-03-31,48.71683300000001,2.384333,6.414066852367711
957,91,2021-06-30,48.716833,2.384333,13.946079779917493
958,91,2021-09-30,48.716833,2.384333,19.040489130434803
959,91,2021-12-31,48.716833,2.384333,8.49972752043599
